t,vx_cmd,vy_cmd,wz_cmd,lin_vx,lin_vy,lin_vz,gyro_x,gyro_y,gyro_z,projg_x,projg_y,projg_z,jpos_hip_yaw_l,jpos_hip_roll_l,jpos_hip_pitch_l,jpos_knee_pitch_l,jpos_ankle_pitch_l,jpos_hip_yaw_r,jpos_hip_roll_r,jpos_hip_pitch_r,jpos_knee_pitch_r,jpos_ankle_pitch_r,jvel_hip_yaw_l,jvel_hip_roll_l,jvel_hip_pitch_l,jvel_knee_pitch_l,jvel_ankle_pitch_l,jvel_hip_yaw_r,jvel_hip_roll_r,jvel_hip_pitch_r,jvel_knee_pitch_r,jvel_ankle_pitch_r,jtgt_hip_yaw_l,jtgt_hip_roll_l,jtgt_hip_pitch_l,jtgt_knee_pitch_l,jtgt_ankle_pitch_l,jtgt_hip_yaw_r,jtgt_hip_roll_r,jtgt_hip_pitch_r,jtgt_knee_pitch_r,jtgt_ankle_pitch_r,act_0,act_1,act_2,act_3,act_4,act_5,act_6,act_7,act_8,act_9,gait_phase,infer_ms
0.0000,0.1800,0.0000,0.0000,0.0000,0.0000,0.0000,-0.0003,-0.0004,-0.0002,-0.1055,0.0033,-0.9944,0.3976,-0.0980,-1.4922,0.9527,-1.3181,-0.4007,0.1038,1.4701,-0.9930,1.2508,0.0969,0.0427,0.0427,0.0388,0.0775,0.0078,-0.0620,-0.0388,0.0582,0.0000,0.3873,-0.0563,-1.4004,1.1052,-1.4503,-0.3220,0.2000,1.5833,-0.9133,1.2372,-0.1274,0.4371,-1.4375,1.3124,-0.8043,0.7798,1.2767,-0.8372,1.0692,0.1324,0.0278,0.62
0.0260,0.1800,0.0000,0.0000,0.0000,0.0000,0.0000,-0.0049,-0.0116,-0.0112,0.0153,0.2974,-0.9546,0.3965,-0.0929,-1.4805,0.9622,-1.3349,-0.3921,0.1172,1.4776,-0.9855,1.2432,0.0078,0.3606,0.5661,0.6087,-1.2408,0.6398,0.8879,0.3179,0.3567,-0.5777,0.4344,-0.0458,-1.4207,1.0554,-1.3080,-0.3897,0.1683,1.5874,-0.9083,1.1696,0.3441,0.5419,-1.9737,0.4505,0.5472,0.1027,0.6826,-1.2816,2.0396,-0.4424,0.0556,0.21
0.0500,0.1800,0.0000,0.0000,0.0000,0.0000,0.0000,0.1298,-0.1134,-0.3885,-0.1233,0.0109,-0.9923,0.3983,-0.0824,-1.4772,0.9675,-1.3425,-0.3848,0.1330,1.4824,-0.9777,1.2218,0.1396,0.3645,0.0659,0.0504,0.6669,0.0349,0.3684,0.1163,0.3877,-1.2640,0.5000,0.0000,-1.4411,1.0005,-1.3119,-0.4279,0.1433,1.6078,-0.9031,1.1038,1.2091,1.0754,-1.9178,-0.1474,0.4372,-0.2786,0.4333,-1.2607,1.2466,-1.1064,0.0833,0.19
0.0750,0.1800,0.0000,0.0000,0.0000,0.0000,0.0000,0.1214,-0.1699,-0.8544,-0.2505,-0.2367,-0.9387,0.4120,-0.0689,-1.4733,0.9625,-1.3341,-0.3902,0.1366,1.4901,-0.9660,1.1873,0.9461,0.6824,0.1551,-0.3606,0.2249,-0.3335,0.0116,0.4381,0.6087,-1.5161,0.5000,0.0000,-1.4615,0.9969,-1.3640,-0.3935,0.1910,1.6078,-1.0158,1.1562,2.0802,1.6540,-1.8008,-0.2293,-0.1550,0.0648,0.9104,-1.3993,0.0510,-1.2729,0.1111,0.21
0.0980,0.1800,0.0000,0.0000,0.0000,0.0000,0.0000,0.0562,0.1620,-0.9640,-0.0050,-0.0302,-0.9995,0.4329,-0.0550,-1.4712,0.9551,-1.3346,-0.3942,0.1423,1.5027,-0.9638,1.1639,0.7522,0.5506,-0.0039,-0.2986,-0.3296,-0.0116,0.3606,0.5622,-0.3684,-0.5932,0.5000,0.0000,-1.4819,0.9652,-1.2487,-0.3809,0.2000,1.5772,-1.1722,1.1853,2.1855,1.2542,-1.6479,-0.5876,0.9269,0.1907,1.2078,-1.5900,-1.3123,-0.8368,0.1389,0.19
0.1220,0.1800,0.0000,0.0000,0.0000,0.0000,0.0000,-0.1881,0.0831,-0.9175,0.0826,-0.1143,-0.9900,0.4481,-0.0463,-1.4729,0.9475,-1.3295,-0.3903,0.1509,1.5170,-0.9849,1.1576,0.6359,0.2792,-0.0349,-0.3645,0.7173,0.2559,0.4071,0.6087,-1.4424,-0.1473,0.5000,0.0000,-1.5022,0.9781,-1.2342,-0.3355,0.2000,1.5467,-1.2200,1.2539,1.9401,1.0376,-1.2593,-0.4950,1.8088,0.6454,1.1726,-1.2224,-2.6410,-0.2743,0.1667,0.18
0.1460,0.1800,0.0000,0.0000,0.0000,0.0000,0.0000,-0.2870,-0.4915,-0.5205,0.1240,0.1168,-0.9854,0.4598,-0.0404,-1.4738,0.9449,-1.3124,-0.3790,0.1624,1.5281,-1.0213,1.1656,0.5118,0.2404,-0.0349,0.1047,0.6204,0.7134,0.3645,0.3218,-1.7022,0.6204,0.5000,-0.0846,-1.5091,1.0111,-1.2271,-0.3000,0.1856,1.5352,-1.2621,1.3547,1.2896,0.1539,-0.8650,-0.1953,2.5231,1.1711,0.8558,-0.8096,-2.5240,0.6166,0.1944,0.17
0.1700,0.1800,0.0000,0.0000,0.0000,0.0000,0.0000,-0.0995,-0.8153,-0.0166,-0.0113,-0.0120,-0.9999,0.4696,-0.0471,-1.4729,0.9556,-1.3004,-0.3616,0.1690,1.5325,-1.0627,1.1903,0.3102,-0.6553,0.0310,0.6669,0.4420,0.7212,0.1396,0.0775,-1.8883,1.4424,0.5000,-0.0916,-1.5130,1.0122,-1.2200,-0.3000,0.1210,1.4947,-1.2821,1.3404,1.0608,0.0841,-0.7006,-0.2086,2.1788,1.9069,0.2098,-0.9082,-0.8546,0.3651,0.2222,0.17
0.1940,0.1800,0.0000,0.0000,0.0000,0.0000,0.0000,-0.1401,-0.9159,0.3871,-0.1700,-0.0979,-0.9806,0.4750,-0.0605,-1.4722,0.9690,-1.2926,-0.3447,0.1642,1.5285,-1.1051,1.2198,0.1551,-0.3839,0.0543,0.4963,0.2947,0.5390,-0.4808,-0.2559,-1.5665,0.8724,0.5000,-0.1794,-1.5418,0.9985,-1.2128,-0.3000,0.0972,1.4979,-1.1390,1.3142,1.1771,-0.7936,-0.7843,-0.3628,1.4815,2.2696,-0.0283,-0.5714,0.8273,0.0058,0.2500,0.17
0.2170,0.1800,0.0000,0.0000,0.0000,0.0000,0.0000,-0.0217,-0.9292,0.5501,-0.2579,0.1005,-0.9609,0.4775,-0.0804,-1.4730,0.9800,-1.2864,-0.3338,0.1526,1.5229,-1.1249,1.2355,0.1047,-1.1244,-0.0233,0.3567,0.2288,0.4420,-0.6243,-0.3296,0.1202,0.3916,0.5000,-0.2000,-1.5501,0.9686,-1.2106,-0.3000,0.1589,1.5056,-1.1364,1.3312,1.6000,-1.3225,-0.6642,-0.6712,0.9514,2.2122,0.5891,-0.1882,1.1523,0.0907,0.2778,0.16
0.2399,0.1800,0.0000,0.0000,0.0000,0.0000,0.0000,0.1383,-0.5242,0.6567,-0.4574,-0.0687,-0.8866,0.4798,-0.1053,-1.4756,0.9835,-1.2841,-0.3257,0.1471,1.5138,-1.1264,1.2459,0.1241,-1.0430,-0.1202,-0.0892,0.0620,0.3761,0.1280,-0.4110,-0.0892,0.3645,0.5000,-0.0926,-1.5299,0.9360,-1.3151,-0.3000,0.2000,1.5108,-1.1398,1.3691,2.2887,0.0743,-0.2580,-1.2340,-0.1651,2.0259,1.1227,0.1691,1.8166,0.3975,0.3056,0.18
0.2640,0.1800,0.0000,0.0000,0.0000,0.0000,0.0000,-0.0357,-0.0471,0.5753,-0.2809,-0.0808,-0.9563,0.4819,-0.1128,-1.4776,0.9754,-1.2953,-0.3221,0.1542,1.5075,-1.1268,1.2580,0.1124,0.3102,-0.0698,-0.6320,-0.8724,0.1047,0.4885,-0.1977,-0.0310,0.6514,0.5000,0.0000,-1.5279,0.9355,-1.3295,-0.3000,0.2000,1.4889,-1.1318,1.3738,3.1750,1.5779,-0.0343,-1.5132,-0.3808,1.4436,1.5036,0.2558,1.2402,0.3856,0.3333,0.17
0.2870,0.1800,0.0000,0.0000,0.0000,0.0000,0.0000,-0.1989,0.1353,0.5354,-0.1631,0.0582,-0.9849,0.4835,-0.0966,-1.4815,0.9613,-1.3170,-0.3188,0.1650,1.5028,-1.1262,1.2739,0.0271,1.0585,-0.2016,-0.4692,-0.7987,0.1124,0.3567,-0.2482,0.0737,0.6747,0.5000,0.0000,-1.5515,0.9346,-1.2791,-0.3230,0.2000,1.4586,-1.1866,1.3614,2.7905,1.3643,-0.0664,-0.9956,0.0514,0.7704,1.3042,0.2582,0.2630,0.2160,0.3611,0.17
0.3110,0.1800,0.0000,0.0000,0.0000,0.0000,0.0000,-0.0555,-0.0495,0.3751,-0.1426,0.0817,-0.9864,0.4833,-0.0759,-1.4891,0.9516,-1.3284,-0.3179,0.1713,1.4947,-1.1298,1.2840,0.0620,0.7212,-0.3412,-0.2094,-0.1745,-0.0194,0.1977,-0.4653,-0.3296,0.2482,0.5000,-0.0522,-1.5704,0.9511,-1.2510,-0.3275,0.1785,1.4423,-1.2132,1.3925,2.3145,0.4784,-0.0522,-0.8108,0.2311,0.7247,0.7847,0.4006,-0.2935,0.4925,0.3889,0.18
0.3340,0.1800,0.0000,0.0000,0.0000,0.0000,0.0000,0.0650,-0.2640,0.3406,-0.1981,0.0641,-0.9781,0.4833,-0.0670,-1.4950,0.9484,-1.3304,-0.3187,0.1725,1.4849,-1.1404,1.2934,0.0116,0.1163,-0.2482,0.0388,0.0155,-0.0078,-0.0969,-0.3877,-0.5234,0.5467,0.5000,-0.0859,-1.5866,0.9295,-1.2824,-0.3000,0.1649,1.4276,-1.1736,1.4282,2.4900,0.1407,-0.0104,-1.2029,-0.1829,1.2443,0.6491,0.5598,-0.2752,0.8252,0.4167,0.18
0.3570,0.1800,0.0000,0.0000,0.0000,0.0000,0.0000,-0.0001,-0.3916,0.4570,-0.2188,0.1065,-0.9699,0.4836,-0.0687,-1.4999,0.9476,-1.3340,-0.3171,0.1702,1.4751,-1.1482,1.3097,0.0737,-0.1590,-0.2675,-0.0039,-0.3063,0.1706,-0.2288,-0.5041,-0.0931,0.8647,0.5000,-0.0693,-1.6054,0.9262,-1.3180,-0.3000,0.1800,1.4154,-1.1214,1.4227,2.8396,0.3072,0.0048,-1.4858,-0.6394,1.4646,0.7999,0.7428,-0.1995,0.7548,0.4444,0.17
0.3800,0.1800,0.0000,0.0000,0.0000,0.0000,0.0000,-0.0354,-0.2092,0.5796,-0.3447,0.0671,-0.9363,0.4843,-0.0706,-1.5057,0.9460,-1.3438,-0.3130,0.1692,1.4638,-1.1459,1.3271,-0.0194,0.0155,-0.3800,-0.1047,-0.5118,0.1590,0.0543,-0.5855,0.4381,0.6243,0.5000,0.0000,-1.6475,0.9223,-1.3393,-0.3000,0.1879,1.3785,-1.0744,1.4072,2.8858,1.0588,-0.2123,-1.5639,-0.9528,1.3406,0.8790,0.6791,-0.2245,0.5895,0.4722,0.18
0.4030,0.1800,0.0000,0.0000,0.0000,0.0000,0.0000,0.0449,0.1149,0.7527,-0.3028,0.0873,-0.9491,0.4846,-0.0618,-1.5192,0.9426,-1.3596,-0.3095,0.1705,1.4479,-1.1331,1.3373,0.0271,0.6902,-0.7251,-0.1628,-0.7910,0.1822,0.1047,-0.7871,0.9034,0.2792,0.5000,-0.0325,-1.6824,0.9180,-1.3101,-0.3209,0.1658,1.3650,-1.0590,1.4179,2.4362,0.6749,-0.3569,-1.1473,-0.7613,0.7909,0.6584,0.8498,-0.5899,0.4092,0.5000,0.18
0.4260,0.1800,0.0000,0.0000,0.0000,0.0000,0.0000,0.1244,0.3167,0.8730,-0.2729,0.1023,-0.9566,0.4845,-0.0510,-1.5395,0.9377,-1.3720,-0.3085,0.1699,1.4297,-1.1147,1.3443,-0.0271,0.2249,-1.0430,-0.1939,-0.3839,0.0155,-0.1628,-0.7018,0.7794,0.2947,0.5000,-0.1228,-1.6917,0.9188,-1.2777,-0.3623,0.1439,1.4004,-1.0679,1.4291,1.7920,-0.2280,-0.2462,-0.9450,-0.5373,0.3770,0.4394,1.2456,-0.6263,0.5928,0.5278,0.17
0.4490,0.1800,0.0000,0.0000,0.0000,0.0000,0.0000,0.1603,0.4006,1.0093,-0.2505,0.0291,-0.9677,0.4843,-0.0562,-1.5592,0.9332,-1.3771,-0.3133,0.1657,1.4196,-1.0993,1.3522,0.0892,-0.5816,-0.8763,-0.1551,-0.0233,-0.3839,-0.3257,-0.3645,0.4653,0.3645,0.5000,-0.1619,-1.6766,0.9570,-1.2201,-0.3849,0.1576,1.4207,-1.0432,1.4341,1.1338,-0.6193,0.1081,-0.5133,-0.0626,0.1506,0.5760,1.5881,-0.3283,0.7135,0.5556,0.18
0.4720,0.1800,0.0000,0.0000,0.0000,0.0000,0.0000,0.0965,0.4724,1.1526,-0.1885,0.1381,-0.9723,0.4845,-0.0726,-1.5748,0.9322,-1.3727,-0.3264,0.1622,1.4170,-1.0894,1.3605,0.0388,-0.8065,-0.6708,0.0698,0.3800,-0.5390,-0.0039,-0.0698,0.5079,0.3490,0.3998,-0.1924,-1.6362,1.0493,-1.1596,-0.4287,0.1881,1.4411,-1.0685,1.4051,-0.0022,-0.9245,0.7162,0.4615,0.4420,-0.2865,0.8812,1.9237,-0.5330,0.4953,0.5833,0.19
0.4949,0.1800,0.0000,0.0000,0.0000,0.0000,0.0000,0.1963,0.4081,1.1758,-0.0815,0.2131,-0.9736,0.4745,-0.0918,-1.5856,0.9397,-1.3565,-0.3431,0.1646,1.4161,-1.0825,1.3656,-0.7949,-0.8685,-0.4226,0.8142,1.0159,-0.8957,0.2210,-0.0310,0.1008,0.0039,0.3000,-0.2000,-1.6078,1.1209,-1.2784,-0.4854,0.1899,1.4615,-1.1198,1.3573,-1.1930,-1.0364,1.3944,1.1984,-0.2220,-0.8539,0.8991,2.2831,-1.0797,0.0878,0.6111,0.17
0.5179,0.1800,0.0000,0.0000,0.0000,0.0000,0.0000,0.3363,0.1253,1.2808,0.0717,0.2080,-0.9755,0.4464,-0.1095,-1.5932,0.9616,-1.3466,-0.3681,0.1678,1.4183,-1.0879,1.3623,-1.6828,-0.6010,-0.2908,1.3416,-0.0039,-1.3338,0.1357,0.1784,-0.5971,-0.3800,0.3000,-0.0862,-1.5772,1.1063,-1.3689,-0.5000,0.1816,1.4819,-1.1239,1.2586,-2.0996,0.1381,1.8679,0.3414,-1.7703,-1.2507,0.8157,2.4456,-1.1329,-0.8273,0.6389,0.18
0.5419,0.1800,0.0000,0.0000,0.0000,0.0000,0.0000,0.0590,-0.2037,1.3038,-0.0335,0.0792,-0.9963,0.4108,-0.1098,-1.5963,0.9849,-1.3562,-0.3974,0.1696,1.4244,-1.1007,1.3449,-1.5975,0.5351,-0.1357,0.7755,-0.8065,-1.1787,-0.0271,0.1861,-0.4420,-1.2020,0.3000,0.0000,-1.5467,1.0200,-1.3813,-0.5000,0.1834,1.5022,-1.1013,1.2342,-2.8887,1.9243,1.8136,-1.0337,-1.1982,-2.1833,0.8344,2.1749,-0.7376,-1.8809,0.6667,0.16
0.5659,0.1800,0.0000,0.0000,0.0000,0.0000,0.0000,0.0167,-0.6521,0.7668,-0.2238,0.1521,-0.9627,0.3808,-0.0915,-1.5945,0.9935,-1.3760,-0.4243,0.1710,1.4293,-1.1081,1.3152,-1.0934,1.1089,0.3063,-0.0775,-0.6281,-0.8802,0.0388,0.0892,-0.0582,-1.3106,0.3000,0.0000,-1.5161,1.0621,-1.3189,-0.5000,0.2000,1.5226,-1.1175,1.2271,-3.5428,1.6587,1.3988,-1.0015,-0.2582,-2.9592,1.2786,1.7033,-0.8690,-1.7746,0.6944,0.16
0.5889,0.1800,0.0000,0.0000,0.0000,0.0000,0.0000,0.1101,-0.5323,0.3335,-0.1834,-0.0188,-0.9829,0.3593,-0.0716,-1.5811,0.9958,-1.3848,-0.4424,0.1753,1.4298,-1.1089,1.2865,-0.7483,0.7445,0.4963,0.2404,-0.0931,-0.4963,0.2249,0.0620,-0.0310,-1.2252,0.3000,0.0000,-1.4856,1.1006,-1.3010,-0.5000,0.2000,1.5430,-1.1331,1.2200,-3.8560,1.6510,1.3665,-0.9598,0.0283,-3.0751,1.5431,1.4638,-1.0166,-1.8368,0.7222,0.16
0.6119,0.1800,0.0000,0.0000,0.0000,0.0000,0.0000,-0.0963,-0.3387,0.0337,-0.1477,0.0206,-0.9888,0.3433,-0.0586,-1.5669,1.0044,-1.3816,-0.4564,0.1810,1.4316,-1.1114,1.2671,-0.6243,0.4110,0.6553,0.4963,0.2869,-0.4188,0.2637,0.1822,-0.2288,-0.7406,0.3000,0.0000,-1.4550,1.1384,-1.2981,-0.5000,0.2000,1.5633,-1.1308,1.2128,-3.9283,1.5769,1.5017,-0.8329,0.1551,-3.1791,1.7611,1.2348,-0.9606,-1.8922,0.7500,0.16
0.6360,0.1800,0.0000,0.0000,0.0000,0.0000,0.0000,0.0201,-0.3539,-0.2426,-0.0948,-0.0345,-0.9949,0.3313,-0.0497,-1.5543,1.0184,-1.3712,-0.4653,0.1871,1.4395,-1.1175,1.2527,-0.4963,0.3063,0.5777,0.7755,0.5932,-0.3451,0.1745,0.3451,-0.2675,-0.5855,0.3000,0.0000,-1.4244,1.1729,-1.2962,-0.5000,0.2000,1.5837,-1.1239,1.2057,-3.8460,1.7063,1.5223,-0.6348,0.2590,-3.1193,1.9795,1.0348,-0.8814,-2.1141,0.7778,0.16
0.6599,0.1800,0.0000,0.0000,0.0000,0.0000,0.0000,0.0124,-0.4352,-0.6639,-0.0837,-0.1117,-0.9902,0.3198,-0.0431,-1.5397,1.0387,-1.3582,-0.4711,0.1908,1.4497,-1.1234,1.2385,-0.4304,0.2482,0.5816,0.9422,0.4265,-0.1745,0.1512,0.3645,-0.2443,-0.6398,0.3000,0.0000,-1.3939,1.2149,-1.2841,-0.5000,0.2000,1.5823,-1.1079,1.1986,-3.5296,1.7507,1.3494,-0.2482,0.4527,-2.9983,2.1896,0.7826,-0.7187,-2.3718,0.8056,0.16
0.6849,0.1800,0.0000,0.0000,0.0000,0.0000,0.0000,-0.1573,-0.5588,-1.0197,-0.0266,-0.0230,-0.9994,0.3112,-0.0381,-1.5219,1.0614,-1.3473,-0.4737,0.1933,1.4576,-1.1258,1.2235,-0.2675,0.1977,0.6863,1.0314,0.5932,-0.0775,-0.0233,0.2210,-0.0271,-0.6398,0.3000,0.0000,-1.3633,1.2727,-1.2641,-0.5000,0.2000,1.5720,-1.1110,1.1914,-3.1022,1.4589,1.1033,0.4083,0.7111,-2.8111,2.2766,0.4753,-0.7554,-2.4591,0.8333,0.17
0.7090,0.1800,0.0000,0.0000,0.0000,0.0000,0.0000,-0.1374,-0.8034,-1.3432,-0.0245,0.0560,-0.9981,0.3055,-0.0339,-1.5015,1.0903,-1.3340,-0.4752,0.1944,1.4603,-1.1264,1.2084,-0.1784,0.1667,0.7987,1.2757,0.6863,0.0582,0.0000,-0.0388,0.0039,-0.6902,0.3000,-0.0127,-1.3666,1.3107,-1.2843,-0.5000,0.2000,1.5643,-1.0389,1.1842,-2.5227,0.8733,0.6613,0.9786,0.5553,-2.4135,2.1390,0.1953,-0.0472,-2.1832,0.8611,0.20
0.7319,0.1800,0.0000,0.0000,0.0000,0.0000,0.0000,-0.1541,-1.0932,-1.5075,-0.1265,0.0082,-0.9919,0.3025,-0.0319,-1.4830,1.1222,-1.3222,-0.4752,0.1948,1.4605,-1.1217,1.1933,-0.0892,0.0582,0.8104,1.3920,0.2753,0.0427,-0.0504,-0.0620,0.4149,-0.6592,0.3000,-0.1170,-1.4067,1.2594,-1.3039,-0.5000,0.2000,1.5390,-0.9322,1.1742,-1.6498,-0.1701,-0.0450,0.7550,0.3928,-1.9022,1.8608,-0.2619,1.7421,-1.8624,0.8889,0.20
0.7549,0.1800,0.0000,0.0000,0.0000,0.0000,0.0000,-0.2214,-0.9910,-1.5365,-0.3380,-0.0546,-0.9396,0.3010,-0.0434,-1.4709,1.1469,-1.3182,-0.4754,0.1943,1.4569,-1.1025,1.1763,-0.0116,-0.9538,0.4149,0.7328,0.0388,0.0078,-0.0349,-0.3257,1.4191,-0.8104,0.3137,-0.2000,-1.3999,1.2212,-1.2815,-0.5000,0.2000,1.5579,-0.9295,1.2148,-0.8631,-1.2636,-0.2828,0.7505,0.6409,-1.5720,1.0194,-0.2767,2.1775,-0.4932,0.9167,0.20
0.7789,0.1800,0.0000,0.0000,0.0000,0.0000,0.0000,-0.2772,-0.4169,-1.5261,-0.3701,-0.0479,-0.9277,0.3011,-0.0732,-1.4608,1.1567,-1.3160,-0.4757,0.1928,1.4548,-1.0744,1.1629,0.0155,-1.6479,0.3839,0.0737,0.2443,-0.0194,-0.1241,0.0543,1.1555,-0.3684,0.3567,-0.2000,-1.3537,1.2014,-1.2984,-0.5000,0.1592,1.5361,-0.9262,1.3117,-0.4335,-1.9822,-0.1257,1.1999,0.4886,-1.2546,0.5919,-0.6986,2.2923,0.5763,0.9444,0.19
0.8019,0.1800,0.0000,0.0000,0.0000,0.0000,0.0000,-0.4189,-0.0841,-1.4736,-0.2321,0.0866,-0.9688,0.3073,-0.1062,-1.4469,1.1542,-1.3131,-0.4751,0.1867,1.4558,-1.0490,1.1639,0.4808,-1.2136,0.6630,-0.2443,0.0737,0.0310,-0.3645,-0.0194,1.0120,0.4653,0.4215,-0.2000,-1.3485,1.1519,-1.3243,-0.4907,0.1537,1.5263,-0.9223,1.3049,0.2146,-1.4818,-0.3794,1.9423,0.2392,-0.9074,0.5366,-1.2126,1.9590,0.6084,0.9722,0.18
0.8259,0.1800,0.0000,0.0000,0.0000,0.0000,0.0000,-0.5268,-0.4284,-1.3580,-0.2128,-0.0604,-0.9752,0.3247,-0.1307,-1.4330,1.1455,-1.3147,-0.4753,0.1798,1.4545,-1.0273,1.1739,0.9887,-0.9655,0.4963,-0.6204,-0.1086,-0.0000,-0.3528,-0.1086,0.8569,0.3994,0.4858,-0.1571,-1.3561,1.1000,-1.4336,-0.4265,0.1899,1.5467,-0.9180,1.2889,0.8580,-0.5706,-0.7606,2.1578,-0.5663,-0.2650,0.8986,-1.3387,1.5846,0.5497,0.0000,0.18
0.8489,0.1800,0.0000,0.0000,0.0000,0.0000,0.0000,-0.5211,-0.4758,-1.3856,-0.3669,-0.1165,-0.9229,0.3540,-0.1461,-1.4198,1.1306,-1.3306,-0.4711,0.1774,1.4552,-1.0102,1.1806,1.4346,-0.2792,0.4575,-0.8453,-1.1632,0.5894,0.0853,0.0814,0.7328,0.1241,0.5000,-0.0994,-1.3785,1.1052,-1.4699,-0.3546,0.1624,1.5670,-0.9133,1.2759,1.6616,0.0064,-0.7809,2.1085,-1.1453,0.4542,0.6235,-1.3225,1.7849,0.5197,0.0278,0.18
0.8739,0.1800,0.0000,0.0000,0.0000,0.0000,0.0000,-0.3969,-0.2449,-1.5657,-0.2237,-0.0934,-0.9702,0.3847,-0.1480,-1.4137,1.1158,-1.3567,-0.4533,0.1768,1.4601,-0.9927,1.1805,1.2408,0.1784,0.0659,-0.5234,-1.3106,1.0508,-0.0775,0.2792,0.7949,-0.1861,0.5000,-0.0051,-1.4207,1.1103,-1.4627,-0.3150,0.1289,1.5874,-0.9083,1.2219,2.5747,0.9486,-1.0886,2.2022,-1.5322,0.8497,0.2895,-1.7662,2.7898,0.0803,0.0556,0.17
0.8989,0.1800,0.0000,0.0000,0.0000,0.0000,0.0000,-0.2172,-0.1551,-1.5609,-0.2077,-0.1477,-0.9670,0.4117,-0.1326,-1.4170,1.1041,-1.3824,-0.4241,0.1704,1.4720,-0.9751,1.1698,0.8375,0.9538,-0.2714,-0.3141,-0.8142,1.3959,-0.4226,0.4614,0.6940,-0.8414,0.5000,0.0000,-1.4411,1.1152,-1.4556,-0.3000,0.0933,1.6078,-0.9031,1.1991,3.1771,1.3201,-1.1098,1.9905,-1.4906,1.0494,-0.0665,-1.7850,3.4640,-0.0469,0.0833,0.18
0.9239,0.1800,0.0000,0.0000,0.0000,0.0000,0.0000,0.0269,-0.1249,-1.3463,-0.2240,-0.2187,-0.9497,0.4306,-0.1101,-1.4249,1.0981,-1.4003,-0.3919,0.1578,1.4879,-0.9592,1.1508,0.6165,0.8336,-0.4692,-0.1396,-0.5894,1.1206,-0.7212,0.6087,0.6436,-0.7871,0.5000,0.0000,-1.4601,1.1198,-1.4485,-0.3000,0.0816,1.6078,-0.9209,1.2721,3.4169,1.2699,-0.9860,1.7057,-1.4206,1.2634,-0.1842,-1.6131,3.6536,0.1596,0.1111,0.18
0.9469,0.1800,0.0000,0.0000,0.0000,0.0000,0.0000,-0.0382,-0.1738,-1.0754,-0.1820,-0.2160,-0.9593,0.4448,-0.0921,-1.4362,1.0954,-1.4132,-0.3673,0.1403,1.5038,-0.9499,1.1428,0.6281,0.7212,-0.4459,-0.0853,-0.4265,0.9228,-0.6940,0.5855,0.2249,0.0194,0.5000,-0.0061,-1.4786,1.1239,-1.4414,-0.3000,0.0772,1.5772,-0.9722,1.2963,3.3613,0.9389,-0.9679,1.6003,-1.3784,1.4396,-0.2276,-1.3842,3.4956,0.2732,0.1389,0.18
0.9709,0.1800,0.0000,0.0000,0.0000,0.0000,0.0000,-0.1978,-0.3693,-0.7730,-0.1111,-0.1393,-0.9840,0.4556,-0.0789,-1.4464,1.0933,-1.4216,-0.3491,0.1260,1.5122,-0.9478,1.1495,0.5157,0.5196,-0.5196,-0.0233,-0.3490,0.5971,-0.5506,0.2365,-0.0698,0.4808,0.5000,-0.0595,-1.5022,1.1276,-1.4342,-0.3000,0.0725,1.5467,-1.0200,1.3075,3.1788,0.4048,-1.0206,1.5103,-1.2457,1.4840,-0.2748,-1.1606,3.2272,0.2621,0.1667,0.18
0.9974,0.1800,0.0000,0.0000,0.0000,0.0000,0.0000,-0.2491,-0.7529,-0.5092,-0.0621,0.0082,-0.9980,0.4645,-0.0749,-1.4587,1.0938,-1.4296,-0.3364,0.1142,1.5172,-0.9562,1.1648,0.3877,-0.0969,-0.5428,0.1745,-0.3645,0.4847,-0.4924,0.1822,-0.5118,0.7212,0.5000,-0.1277,-1.5226,1.1306,-1.4271,-0.3000,0.0714,1.5250,-1.0621,1.3222,2.8885,-0.2774,-1.0699,1.3258,-1.0409,1.4651,-0.2857,-0.9113,2.7755,0.2916,0.1944,0.25
1.0219,0.1800,0.0000,0.0000,0.0000,0.0000,0.0000,-0.2523,-1.2330,-0.2480,-0.0672,-0.0490,-0.9965,0.4725,-0.0847,-1.4716,1.0972,-1.4385,-0.3243,0.1032,1.5184,-0.9750,1.1869,0.2171,-0.4963,-0.5700,0.3179,-0.4265,0.3800,-0.4343,-0.0233,-0.8957,0.9073,0.5000,-0.1732,-1.5430,1.1331,-1.4200,-0.3000,0.0904,1.5322,-1.0966,1.3564,2.6316,-0.7325,-1.0790,1.1011,-1.0538,1.5317,-0.0960,-0.5337,2.2410,0.5248,0.2222,0.23
1.0449,0.1800,0.0000,0.0000,0.0000,0.0000,0.0000,-0.2373,-1.6200,-0.1249,-0.1875,0.0581,-0.9805,0.4765,-0.1012,-1.4813,1.1038,-1.4515,-0.3174,0.0972,1.5188,-0.9968,1.2086,0.1473,-0.7716,-0.3335,0.3451,-0.5467,0.2171,-0.1977,0.0271,-1.0779,0.9306,0.5000,-0.1507,-1.5607,1.1041,-1.4128,-0.3000,0.1551,1.5306,-1.1217,1.3844,2.4259,-0.5068,-0.9739,0.6929,-1.3303,1.6057,0.5513,-0.2439,1.6737,0.7078,0.2500,0.22
1.0679,0.1800,0.0000,0.0000,0.0000,0.0000,0.0000,-0.2128,-1.7796,-0.0676,-0.2760,0.0509,-0.9598,0.4804,-0.1138,-1.4875,1.1083,-1.4656,-0.3116,0.1028,1.5188,-1.0216,1.2326,0.2133,-0.3141,-0.3102,0.0233,-0.6087,0.1900,0.4692,0.0000,-1.1206,0.9461,0.5000,-0.0256,-1.5765,1.0201,-1.4057,-0.3000,0.2000,1.5174,-1.1364,1.3773,2.5233,0.7438,-0.9283,-0.1561,-1.9050,1.6431,1.1580,-0.0708,1.4488,0.5518,0.2778,0.20
1.0919,0.1800,0.0000,0.0000,0.0000,0.0000,0.0000,-0.2141,-1.7267,-0.0208,-0.4513,-0.0106,-0.8923,0.4835,-0.1059,-1.4918,1.1026,-1.4794,-0.3074,0.1157,1.5182,-1.0463,1.2572,0.1008,0.9228,-0.1008,-0.6824,-0.5622,0.1861,0.6902,0.0271,-0.9189,0.8918,0.5000,0.0000,-1.6041,0.9360,-1.3986,-0.3000,0.2000,1.4934,-1.1398,1.3105,2.7105,2.4381,-1.2645,-1.0824,-2.2644,1.4395,1.5806,-0.0046,1.1394,-0.1885,0.3056,0.18
1.1149,0.1800,0.0000,0.0000,0.0000,0.0000,0.0000,-0.1592,-1.2934,0.0595,-0.7491,0.3055,-0.5879,0.4847,-0.0836,-1.4951,1.0821,-1.4924,-0.3027,0.1325,1.5178,-1.0633,1.2713,0.0155,1.0353,-0.2947,-1.3028,-0.3994,0.1822,0.5234,0.0775,-0.4188,0.2133,0.5000,0.0000,-1.6244,0.9355,-1.3914,-0.3185,0.2000,1.4630,-1.1318,1.2400,2.2516,2.4234,-1.8443,-1.1944,-1.7397,0.8147,1.2557,-0.0029,1.2389,-0.9525,0.3333,0.17
1.1379,0.1800,0.0000,0.0000,0.0000,0.0000,0.0000,0.1304,-0.7862,0.1742,-0.5332,0.3213,-0.7826,0.4854,-0.0645,-1.5040,1.0549,-1.5002,-0.2995,0.1412,1.5205,-1.0685,1.2709,0.0465,0.8647,-0.5002,-1.0004,-0.1977,0.1163,0.2675,0.1086,-0.0504,-0.2753,0.5000,0.0000,-1.6448,0.9347,-1.3842,-0.3540,0.2000,1.4331,-1.1331,1.2681,2.0143,1.1474,-2.0630,-0.9943,-1.6209,0.4597,1.1466,0.0033,0.7983,-0.7166,0.3611,0.17
1.1609,0.1800,0.0000,0.0000,0.0000,0.0000,0.0000,0.2990,-1.0757,0.5743,-0.3182,0.2451,-0.9158,0.4864,-0.0496,-1.5157,1.0347,-1.5041,-0.3015,0.1466,1.5216,-1.0684,1.2683,0.0659,0.4963,-0.5739,-0.7289,-0.1008,-0.1435,0.1086,-0.0737,0.0465,-0.0310,0.5000,-0.0656,-1.6652,0.9322,-1.3742,-0.3433,0.2000,1.4192,-1.1616,1.3019,1.9200,0.3435,-1.9822,-1.1841,-1.6465,0.5666,1.1302,0.1694,0.2227,-0.4132,0.3889,0.17
1.1849,0.1800,0.0000,0.0000,0.0000,0.0000,0.0000,0.3488,-1.5985,0.9450,-0.3747,0.2339,-0.8971,0.4881,-0.0465,-1.5275,1.0185,-1.5060,-0.3055,0.1500,1.5168,-1.0731,1.2722,0.0931,-0.2288,-0.5894,-0.7057,-0.0659,-0.0853,0.0698,-0.2714,-0.4149,0.2947,0.5000,-0.0657,-1.6856,0.9295,-1.3641,-0.3228,0.2000,1.4177,-1.1414,1.3193,1.7311,0.3426,-1.7690,-1.3598,-1.9954,0.7716,1.0338,0.4599,0.0474,-0.2631,0.4167,0.17
1.2079,0.1800,0.0000,0.0000,0.0000,0.0000,0.0000,0.2114,-1.4109,1.0638,-0.8641,-0.0680,-0.4986,0.4905,-0.0517,-1.5437,1.0028,-1.5065,-0.3049,0.1538,1.5114,-1.0779,1.2813,0.1822,-0.1473,-0.8491,-0.7445,0.0271,0.0931,0.1861,-0.0775,0.0582,0.4304,0.5000,0.0000,-1.7059,0.9262,-1.3541,-0.3317,0.1829,1.4001,-1.0797,1.2909,1.1931,1.4354,-1.9123,-1.7859,-1.4981,0.6830,0.8295,0.5895,0.2175,-0.5633,0.4444,0.17
1.2319,0.1800,0.0000,0.0000,0.0000,0.0000,0.0000,0.0933,-0.2231,1.0771,-0.8343,-0.0280,-0.5506,0.4931,-0.0482,-1.5687,0.9842,-1.5040,-0.3043,0.1564,1.5110,-1.0676,1.2895,0.0814,0.4808,-1.2097,-0.8104,0.3141,-0.0155,-0.0271,-0.0582,0.8530,0.1745,0.4861,-0.0114,-1.7263,0.9223,-1.3440,-0.3678,0.1583,1.3742,-1.0389,1.3043,0.8609,0.8863,-2.1920,-1.5979,-1.3263,0.3223,0.5833,0.6366,0.1301,-0.4392,0.4722,0.17
1.2559,0.1800,0.0000,0.0000,0.0000,0.0000,0.0000,0.2586,0.1998,1.2651,-0.7979,0.0798,-0.5975,0.4925,-0.0383,-1.6003,0.9642,-1.4932,-0.3090,0.1539,1.5089,-1.0460,1.2961,-0.0388,0.2869,-1.3803,-0.7949,0.6514,-0.3141,-0.2482,-0.1706,1.1283,0.3373,0.4390,-0.0856,-1.7467,0.9180,-1.3340,-0.3787,0.1497,1.3705,-1.0075,1.3578,0.3904,0.1435,-2.0911,-1.4604,-1.5189,0.2130,0.4971,0.9046,-0.0752,-0.1919,0.5000,0.17
1.2789,0.1800,0.0000,0.0000,0.0000,0.0000,0.0000,0.2110,0.1844,1.4962,-0.7494,0.1135,-0.6524,0.4858,-0.0392,-1.6329,0.9465,-1.4775,-0.3189,0.1487,1.5031,-1.0217,1.3099,-0.3839,-0.3877,-1.3261,-0.7251,0.7173,-0.4653,-0.2482,-0.3994,1.0973,0.7871,0.3862,-0.1191,-1.7670,0.9133,-1.3239,-0.4013,0.1493,1.4004,-1.0372,1.3648,-0.1380,-0.1905,-1.8458,-1.3511,-1.6277,-0.0132,0.4930,1.1918,-0.3202,-0.0504,0.5278,0.17
1.3019,0.1800,0.0000,0.0000,0.0000,0.0000,0.0000,0.0891,0.1239,1.8257,-0.6753,0.1738,-0.7167,0.4720,-0.0510,-1.6622,0.9306,-1.4632,-0.3334,0.1447,1.4974,-1.0064,1.3271,-0.8298,-0.6204,-1.2989,-0.6165,0.5777,-0.6165,-0.2094,-0.1473,0.3955,0.6475,0.3334,-0.1453,-1.7874,0.9083,-1.3139,-0.4518,0.1415,1.4207,-1.0598,1.3751,-0.6665,-0.4526,-1.6027,-1.2096,-1.4821,-0.5184,0.4152,1.4253,-0.4944,0.1236,0.5556,0.20
1.3259,0.1800,0.0000,0.0000,0.0000,0.0000,0.0000,0.0454,-0.0945,1.9890,-0.5864,0.2462,-0.7717,0.4482,-0.0653,-1.6904,0.9178,-1.4514,-0.3515,0.1414,1.4960,-1.0029,1.3400,-1.2640,-0.6281,-1.1361,-0.5545,0.4924,-1.0081,-0.1124,0.0194,0.0388,0.4265,0.3000,-0.1765,-1.8078,0.9031,-1.3038,-0.5000,0.1313,1.4411,-1.0693,1.3857,-1.1399,-0.7647,-1.3573,-1.1302,-1.1909,-1.0619,0.3127,1.7000,-0.5412,0.3007,0.5833,0.18
1.3499,0.1800,0.0000,0.0000,0.0000,0.0000,0.0000,0.0107,-0.2693,2.0676,-0.6672,0.1345,-0.7326,0.4178,-0.0831,-1.7177,0.9055,-1.4392,-0.3773,0.1388,1.4974,-1.0042,1.3497,-1.3493,-0.7522,-1.0857,-0.5041,0.4459,-1.2601,-0.1784,0.0931,-0.0775,0.3373,0.3000,-0.1755,-1.8078,0.9209,-1.3073,-0.5000,0.1062,1.4615,-1.0528,1.3992,-1.5970,-0.7548,-1.2396,-1.0591,-0.5116,-1.4677,0.0617,2.0305,-0.3299,0.5073,0.6111,0.18
1.3739,0.1800,0.0000,0.0000,0.0000,0.0000,0.0000,-0.1427,-0.1091,1.8613,-0.7351,0.1756,-0.6548,0.3914,-0.0998,-1.7409,0.8969,-1.4283,-0.4048,0.1334,1.5018,-1.0039,1.3586,-0.8065,-0.5816,-1.0391,-0.3024,0.3994,-0.8957,-0.3179,0.3412,0.0814,0.3218,0.3000,-0.2000,-1.7772,0.9724,-1.2565,-0.5000,0.0800,1.4819,-1.0078,1.4207,-1.9566,-1.0536,-1.0738,-0.9981,0.1242,-1.7561,-0.2004,2.3211,0.1612,0.7934,0.6389,0.17
1.3979,0.1800,0.0000,0.0000,0.0000,0.0000,0.0000,-0.0960,0.1224,1.4020,-0.5163,0.3061,-0.7998,0.3718,-0.1155,-1.7611,0.8936,-1.4133,-0.4253,0.1250,1.5103,-0.9968,1.3680,-0.6359,-0.5661,-0.7134,0.0659,0.8957,-0.7212,-0.4808,0.2559,0.5273,0.3800,0.3000,-0.2000,-1.7069,1.0298,-1.2715,-0.5000,0.0679,1.5022,-0.9931,1.4342,-2.1901,-1.0806,-0.6023,-0.9016,0.0987,-1.8434,-0.3210,2.4350,0.3449,1.0864,0.6667,0.17
1.4219,0.1800,0.0000,0.0000,0.0000,0.0000,0.0000,0.0915,-0.1707,0.9045,-0.4459,0.2496,-0.8596,0.3549,-0.1291,-1.7699,0.8982,-1.3941,-0.4407,0.1136,1.5151,-0.9881,1.3774,-0.6475,-0.5079,-0.0194,0.4071,0.7677,-0.5467,-0.5196,0.1396,0.2792,0.3451,0.3000,-0.2000,-1.6644,1.0894,-1.2673,-0.5000,0.0741,1.5226,-0.9735,1.4271,-2.3981,-1.0683,-0.4832,-0.7272,0.2573,-1.7554,-0.2589,2.3875,0.5716,1.2413,0.6944,0.16
1.4469,0.1800,0.0000,0.0000,0.0000,0.0000,0.0000,-0.0108,-0.6956,0.2851,-0.4159,0.3421,-0.8426,0.3402,-0.1389,-1.7668,0.9153,-1.3760,-0.4534,0.1051,1.5180,-0.9834,1.3855,-0.4808,-0.2908,0.1745,0.9500,0.6087,-0.5118,-0.2637,0.0698,0.1822,0.2520,0.3000,-0.2000,-1.6339,1.1347,-1.2571,-0.5000,0.0655,1.5430,-0.9437,1.4200,-2.4802,-1.4603,-0.4831,-0.6194,0.4681,-1.6883,-0.3448,2.2826,0.8936,1.3445,0.7222,0.20
1.4709,0.1800,0.0000,0.0000,0.0000,0.0000,0.0000,-0.0202,-1.0042,-0.4608,-0.4323,0.3714,-0.8217,0.3282,-0.1460,-1.7588,0.9392,-1.3622,-0.4642,0.0976,1.5216,-0.9770,1.3898,-0.3296,-0.2288,0.4498,1.1710,0.6126,-0.3141,-0.3373,0.2598,0.4730,0.0155,0.3000,-0.2000,-1.6057,1.1780,-1.2329,-0.5000,0.0348,1.5633,-0.9348,1.4128,-2.4730,-2.0632,-0.5067,-0.4374,0.8071,-1.5838,-0.6523,2.0730,1.4458,1.4212,0.7500,0.17
1.4959,0.1800,0.0000,0.0000,0.0000,0.0000,0.0000,0.0033,-1.1905,-1.2150,-0.4878,0.2863,-0.8247,0.3207,-0.1531,-1.7448,0.9693,-1.3479,-0.4717,0.0884,1.5273,-0.9681,1.3909,-0.2675,-0.3024,0.6010,1.3571,0.6747,-0.1667,-0.5816,0.2249,0.3916,0.0620,0.3000,-0.2000,-1.5606,1.2156,-1.2221,-0.5000,0.0000,1.5837,-0.9358,1.4057,-2.3666,-2.5781,-0.3613,-0.2079,1.3610,-1.4747,-1.1786,1.8438,2.1054,1.4984,0.7778,0.17
1.5199,0.1800,0.0000,0.0000,0.0000,0.0000,0.0000,0.0429,-1.2826,-1.9855,-0.4644,0.2446,-0.8512,0.3153,-0.1599,-1.7247,1.0040,-1.3308,-0.4774,0.0705,1.5358,-0.9599,1.3905,-0.1086,-0.2559,0.8802,1.4579,0.6281,-0.2598,-0.7716,0.4265,0.3141,-0.0155,0.3000,-0.2000,-1.5083,1.2494,-1.2293,-0.5000,0.0000,1.6041,-0.9360,1.3986,-2.1131,-2.7920,-0.1440,0.0965,1.9911,-1.1996,-1.5767,1.5220,2.6025,1.5687,0.8056,0.17
1.5438,0.1800,0.0000,0.0000,0.0000,0.0000,0.0000,0.0123,-1.4680,-2.6575,-0.5344,0.1271,-0.8356,0.3117,-0.1651,-1.6973,1.0393,-1.3176,-0.4817,0.0557,1.5509,-0.9530,1.3893,-0.1124,-0.2520,1.2950,1.5083,0.5041,-0.1435,-0.5351,0.5894,0.2249,-0.0504,0.3000,-0.2000,-1.4574,1.2650,-1.2352,-0.4825,0.0000,1.6244,-0.9355,1.3914,-1.7423,-2.9488,0.0591,0.3319,2.5285,-0.8249,-1.6050,1.2008,3.0612,1.7421,0.8333,0.17
1.5678,0.1800,0.0000,0.0000,0.0000,0.0000,0.0000,-0.1098,-1.6799,-3.2112,-0.6470,0.0046,-0.7625,0.3098,-0.1695,-1.6628,1.0739,-1.3072,-0.4837,0.0433,1.5671,-0.9463,1.3884,-0.0000,-0.1667,1.6983,1.3377,0.3761,-0.0194,-0.3490,0.8298,0.3179,-0.0853,0.3000,-0.2000,-1.4177,1.2576,-1.2398,-0.4416,0.0000,1.6328,-0.9342,1.3842,-1.3804,-3.0390,0.1508,0.4474,2.7312,-0.4156,-1.4787,0.8800,3.4458,1.8521,0.8611,0.17
1.5908,0.1800,0.0000,0.0000,0.0000,0.0000,0.0000,-0.2176,-1.8038,-3.6744,-0.7802,-0.1924,-0.5952,0.3090,-0.1728,-1.6221,1.1044,-1.3003,-0.4797,0.0354,1.5865,-0.9373,1.3871,-0.0194,-0.1318,1.7254,1.2214,0.2675,0.3800,-0.2753,0.8026,0.3645,-0.0582,0.3000,-0.2000,-1.3928,1.2443,-1.2432,-0.4039,0.0000,1.6257,-0.9322,1.3742,-1.0831,-3.1353,0.0945,0.6050,2.6942,-0.0391,-1.2563,0.6056,3.7247,1.8948,0.8889,0.17
1.6149,0.1800,0.0000,0.0000,0.0000,0.0000,0.0000,-0.4343,-1.5147,-4.1125,-0.8903,-0.1636,-0.4249,0.3088,-0.1760,-1.5818,1.1270,-1.2964,-0.4672,0.0311,1.6062,-0.9263,1.3849,0.0039,-0.1745,1.7371,0.8453,0.1628,0.7755,-0.0659,0.9306,0.6669,-0.1008,0.3320,-0.2000,-1.3636,1.2202,-1.2456,-0.3673,0.0000,1.6188,-0.9295,1.3641,-0.6805,-2.9363,0.0811,0.7407,2.5423,0.3272,-1.1929,0.3324,3.9996,1.7286,0.9167,0.17
1.6378,0.1800,0.0000,0.0000,0.0000,0.0000,0.0000,-0.4688,-1.2944,-4.2939,-0.7648,-0.3584,-0.5353,0.3114,-0.1781,-1.5395,1.1441,-1.2923,-0.4476,0.0313,1.6282,-0.9090,1.3830,0.2055,-0.0582,1.6052,0.6243,0.1745,1.0159,-0.0271,0.8298,0.7794,-0.0310,0.3713,-0.2000,-1.3620,1.1944,-1.2472,-0.3039,0.0191,1.5934,-0.9262,1.3541,-0.2872,-2.6315,-0.2090,0.9299,2.0221,0.9605,-0.8089,-0.1257,3.8375,1.7901,0.9444,0.18
1.6609,0.1800,0.0000,0.0000,0.0000,0.0000,0.0000,-0.3721,-1.5648,-4.0609,-0.6775,-0.2462,-0.6931,0.3201,-0.1781,-1.5029,1.1552,-1.2877,-0.4191,0.0353,1.6442,-0.8925,1.3804,0.4575,0.0427,1.5858,0.4071,0.3024,1.3571,0.2869,0.6087,0.7445,-0.1396,0.4187,-0.2000,-1.3485,1.1519,-1.2483,-0.3000,0.0453,1.5963,-0.9223,1.3440,0.1872,-1.7948,-0.3792,1.0553,1.3437,1.6102,-0.5473,-0.3000,3.5634,1.6913,0.9722,0.17
1.6848,0.1800,0.0000,0.0000,0.0000,0.0000,0.0000,-0.1848,-1.8960,-3.6704,-0.6827,-0.3719,-0.6290,0.3375,-0.1781,-1.4676,1.1600,-1.2828,-0.3917,0.0453,1.6553,-0.8776,1.3766,0.8685,-0.0078,1.4773,0.0310,0.2404,1.1051,0.5312,0.4575,0.6630,-0.2133,0.4612,-0.2000,-1.3342,1.1000,-1.3180,-0.3000,0.0947,1.6258,-0.9180,1.3340,0.6120,-1.1756,-0.5424,1.2344,0.5905,2.2197,-0.0534,-0.2088,3.4670,1.8125,0.0000,0.17
1.7078,0.1800,0.0000,0.0000,0.0000,0.0000,0.0000,0.0284,-1.7727,-2.9704,-0.7556,-0.6149,-0.2258,0.3648,-0.1791,-1.4337,1.1526,-1.2871,-0.3659,0.0638,1.6693,-0.8638,1.3710,1.1710,-0.0427,1.3144,-0.5700,-0.4614,0.9849,0.8530,0.6514,0.5700,-0.3257,0.4876,-0.1783,-1.3674,1.1052,-1.3395,-0.3000,0.1509,1.6572,-0.9133,1.3239,0.8755,-0.7828,-0.6702,1.3081,0.3042,2.4679,0.5091,-0.0985,3.5727,1.8733,0.0278,0.17
1.7308,0.1800,0.0000,0.0000,0.0000,0.0000,0.0000,0.0208,-1.2641,-2.2913,-0.7318,-0.5545,-0.3961,0.3919,-0.1795,-1.4120,1.1410,-1.3028,-0.3472,0.0866,1.6892,-0.8509,1.3649,1.2369,0.0620,0.6281,-0.4226,-0.8724,0.6979,1.2485,1.0275,0.6049,-0.3257,0.4920,-0.1302,-1.4011,1.1103,-1.3841,-0.3000,0.1763,1.6859,-0.9083,1.3139,0.9202,-0.3017,-0.8036,1.0055,-0.2133,2.6900,0.7631,-0.0152,3.5820,1.8504,0.0556,0.17
1.7548,0.1800,0.0000,0.0000,0.0000,0.0000,0.0000,0.1696,-1.0194,-1.8011,-0.7394,-0.4642,-0.4876,0.4147,-0.1736,-1.4047,1.1311,-1.3252,-0.3344,0.1161,1.7145,-0.8397,1.3581,0.8802,0.4459,0.0427,-0.3063,-1.1051,0.5273,1.0702,1.0663,0.4381,-0.3684,0.4976,-0.0554,-1.4364,1.0715,-1.4281,-0.3000,0.1864,1.7141,-0.9031,1.3038,0.9757,0.4456,-0.9533,0.5625,-0.7247,2.7330,0.8642,0.0634,3.5127,1.6407,0.0833,0.16
1.7788,0.1800,0.0000,0.0000,0.0000,0.0000,0.0000,0.3219,-0.8137,-1.4299,-0.7438,-0.5485,-0.3819,0.4314,-0.1550,-1.4083,1.1204,-1.3549,-0.3213,0.1400,1.7416,-0.8386,1.3510,0.6398,1.0624,-0.3567,-0.6592,-1.4346,0.4498,0.9810,1.3377,-1.2834,-0.8724,0.5000,0.0000,-1.4615,1.0142,-1.4485,-0.3000,0.2000,1.7157,-0.9209,1.3562,1.1712,1.4110,-1.1619,-0.0558,-1.0534,2.6633,1.0653,0.0794,3.3324,1.4594,0.1111,0.16
1.8028,0.1800,0.0000,0.0000,0.0000,0.0000,0.0000,0.0674,-1.4650,0.6373,-0.8571,-0.4940,-0.1459,0.4398,-0.1257,-1.4155,1.1001,-1.3864,-0.2980,0.1560,1.7612,-0.8544,1.3477,0.3722,1.4734,-0.3218,-1.0779,-1.1981,0.5196,0.4885,0.3141,-0.4614,0.1163,0.5000,0.0000,-1.4819,0.9239,-1.4165,-0.3000,0.2000,1.7417,-0.9722,1.3609,1.1768,2.4086,-1.4129,-1.1294,-0.7513,2.0124,1.0162,0.6447,2.3434,0.9195,0.1389,0.17
1.8278,0.1800,0.0000,0.0000,0.0000,0.0000,0.0000,-0.2213,-0.4855,1.0732,-0.9368,-0.2296,-0.2640,0.4446,-0.1007,-1.4265,1.0676,-1.4072,-0.2929,0.1666,1.7673,-0.8780,1.3518,0.3102,0.8647,-0.6902,-1.7216,-0.5273,0.0853,0.3218,0.3179,-1.0818,0.2443,0.5000,0.0000,-1.5022,0.9276,-1.4019,-0.3000,0.1613,1.7319,-1.0200,1.2962,1.4145,2.6400,-1.7167,-1.6004,-0.6770,1.7511,0.6134,0.8525,2.5748,0.1489,0.1667,0.16
1.8518,0.1800,0.0000,0.0000,0.0000,0.0000,0.0000,0.1737,0.3720,1.2592,-0.8449,-0.1698,-0.5073,0.4484,-0.0836,-1.4427,1.0272,-1.4190,-0.2934,0.1668,1.7736,-0.8953,1.3521,0.2482,0.7483,-0.8918,-1.2020,-0.2094,-0.1939,-0.1551,0.3567,-0.8453,-0.2288,0.5000,0.0000,-1.5226,0.9306,-1.4152,-0.3000,0.1625,1.6957,-1.0621,1.3167,1.8719,2.3978,-1.7131,-1.7962,-0.8815,1.6998,0.6252,0.7959,2.7384,0.2362,0.1944,0.17
1.8748,0.1800,0.0000,0.0000,0.0000,0.0000,0.0000,0.6199,0.3361,0.9524,-0.5970,0.6390,-0.4851,0.4615,-0.0676,-1.4614,1.0003,-1.4198,-0.3002,0.1632,1.7798,-0.9114,1.3495,0.4420,0.6592,-0.7871,-0.7212,-0.0194,-0.2171,-0.2482,0.0814,-0.8995,0.0194,0.5000,-0.0049,-1.5430,0.9433,-1.4200,-0.3000,0.1887,1.6644,-1.0966,1.3458,2.2535,0.9511,-1.5216,-0.8980,-1.2587,1.4536,0.8865,0.7882,2.5654,0.4187,0.2222,0.17
1.8988,0.1800,0.0000,0.0000,0.0000,0.0000,0.0000,0.3375,-0.1611,0.7365,-0.3598,-0.2405,-0.9015,0.4723,-0.0552,-1.4747,0.9832,-1.4198,-0.3017,0.1622,1.7781,-0.9326,1.3521,0.5583,0.5467,-0.4032,-0.4963,-0.0271,0.0349,0.1977,-0.2094,-1.0081,0.2249,0.5000,0.0000,-1.5633,0.9348,-1.4128,-0.3000,0.2000,1.6219,-1.1217,1.4062,2.4980,2.1787,-1.2724,-1.8734,-1.3129,2.1112,1.3435,0.6692,1.8511,0.9254,0.2500,0.17
1.9228,0.1800,0.0000,0.0000,0.0000,0.0000,0.0000,0.2084,-0.0264,1.0587,-0.8048,-0.3760,-0.4593,0.4846,-0.0461,-1.4890,0.9735,-1.4198,-0.3016,0.1663,1.7697,-0.9571,1.3652,0.2404,0.3916,-0.5700,-0.2869,0.0620,0.0853,0.2094,-0.4692,-0.9577,0.6785,0.5000,0.0000,-1.5837,0.9358,-1.4001,-0.3000,0.2000,1.5598,-1.1364,1.3354,2.6209,3.7097,-1.6581,-2.4017,-0.9441,1.6315,1.0342,0.3537,2.0476,0.1323,0.2778,0.17
1.9478,0.1800,0.0000,0.0000,0.0000,0.0000,0.0000,-0.0468,-0.0591,1.1330,-0.7613,-0.4490,-0.4677,0.4916,-0.0388,-1.5019,0.9656,-1.4195,-0.2993,0.1698,1.7548,-0.9761,1.3742,0.3335,0.2598,-0.5661,-0.2326,-0.0194,0.1628,0.0698,-0.7367,-0.6785,-0.0814,0.5000,0.0000,-1.6041,0.9360,-1.3726,-0.3000,0.1669,1.5217,-1.1398,1.3444,2.4610,3.2132,-2.0140,-1.9609,-0.7402,1.0792,0.6690,0.2783,1.6356,0.1509,0.3056,0.17
1.9718,0.1800,0.0000,0.0000,0.0000,0.0000,0.0000,-0.0686,-0.3255,1.3359,-0.8010,-0.3935,-0.4511,0.4964,-0.0333,-1.5176,0.9608,-1.4158,-0.2969,0.1684,1.7333,-0.9910,1.3751,0.2171,0.2947,-0.5428,-0.1241,0.2792,0.0271,-0.1784,-0.8995,-0.4692,0.0078,0.5000,0.0000,-1.6244,0.9355,-1.3849,-0.3000,0.1545,1.5028,-1.1318,1.3683,2.2528,2.7530,-2.1319,-2.0763,-0.9343,1.1414,0.5453,0.3944,1.3459,0.3306,0.3333,0.17
1.9948,0.1800,0.0000,0.0000,0.0000,0.0000,0.0000,-0.0404,-0.5599,1.5381,-0.8634,-0.3241,-0.3867,0.5008,-0.0287,-1.5307,0.9590,-1.4109,-0.2966,0.1631,1.7108,-1.0029,1.3794,0.2520,0.2055,-0.6747,-0.0039,0.2288,0.0388,-0.1551,-1.1128,-0.4730,0.2792,0.5000,0.0000,-1.6448,0.9342,-1.3842,-0.3000,0.1553,1.4846,-1.1129,1.3732,2.0691,2.5501,-2.1546,-2.1602,-1.0079,1.1641,0.5526,0.5180,1.0759,0.3342,0.3611,0.17
2.0178,0.1800,0.0000,0.0000,0.0000,0.0000,0.0000,-0.1747,-0.5633,1.7649,-0.8851,-0.3183,-0.3394,0.5055,-0.0240,-1.5460,0.9578,-1.4081,-0.2969,0.1602,1.6845,-1.0122,1.3853,0.2055,0.2559,-0.7173,-0.0233,0.1086,0.0116,-0.1435,-1.1981,-0.3567,0.2288,0.5000,0.0000,-1.6652,0.9322,-1.3669,-0.3000,0.1498,1.4636,-1.1127,1.3774,1.8299,2.3717,-2.1896,-2.0964,-0.9278,1.0132,0.4977,0.6139,0.7118,0.3417,0.3889,0.22
2.0418,0.1800,0.0000,0.0000,0.0000,0.0000,0.0000,-0.2967,-0.4486,1.9579,-0.9072,-0.2543,-0.3352,0.5091,-0.0203,-1.5628,0.9559,-1.4038,-0.2975,0.1588,1.6543,-1.0186,1.3901,0.1202,0.1202,-0.8375,-0.0659,0.3141,0.0698,-0.1241,-1.2757,-0.1861,0.1396,0.5000,0.0000,-1.6856,0.9295,-1.3517,-0.3168,0.1334,1.4474,-1.1087,1.3848,1.4852,1.9678,-2.2121,-1.8875,-0.8761,0.8323,0.3343,0.7572,0.3736,0.3914,0.4167,0.20
2.0658,0.1800,0.0000,0.0000,0.0000,0.0000,0.0000,-0.3116,-0.3705,2.1347,-0.9136,-0.1704,-0.3692,0.5112,-0.0173,-1.5822,0.9533,-1.3959,-0.3010,0.1553,1.6280,-1.0239,1.3943,0.0737,0.1280,-0.8802,-0.0310,0.4343,-0.2288,-0.1706,-1.1516,-0.1939,0.2288,0.5000,0.0000,-1.7059,0.9262,-1.3345,-0.3263,0.1177,1.4381,-1.1019,1.4000,1.0131,1.4686,-2.1783,-1.6183,-0.8049,0.7374,0.1772,0.9700,-0.0047,0.5278,0.4444,0.19
2.0898,0.1800,0.0000,0.0000,0.0000,0.0000,0.0000,-0.2124,-0.3588,2.2939,-0.9260,-0.0986,-0.3645,0.5120,-0.0148,-1.6049,0.9492,-1.3858,-0.3078,0.1487,1.5996,-1.0285,1.4002,0.0194,0.1473,-0.9267,-0.1396,0.4769,-0.3451,-0.4381,-1.1322,-0.1280,0.3335,0.4435,0.0000,-1.7263,0.9223,-1.3067,-0.3429,0.1024,1.4106,-1.0904,1.4101,0.4355,1.0090,-2.0412,-1.3578,-0.6272,0.5710,0.0240,1.2442,-0.3846,0.6188,0.4722,0.19
2.1138,0.1800,0.0000,0.0000,0.0000,0.0000,0.0000,-0.1123,-0.3895,2.5481,-0.9171,0.0091,-0.3985,0.5063,-0.0123,-1.6275,0.9440,-1.3720,-0.3183,0.1392,1.5717,-1.0324,1.4077,-0.4110,0.1512,-1.0081,-0.1241,0.7134,-0.4885,-0.4149,-1.2408,-0.0310,0.2986,0.3800,-0.0507,-1.7467,0.9180,-1.2774,-0.3753,0.0857,1.3800,-1.0698,1.4524,-0.2004,0.4927,-1.7602,-1.1360,-0.4339,0.2469,-0.1429,1.6166,-0.6984,0.7542,0.5000,0.18
2.1378,0.1800,0.0000,0.0000,0.0000,0.0000,0.0000,0.1319,-0.4847,2.2632,-0.9538,-0.1633,-0.2521,0.4956,-0.0155,-1.6471,0.9397,-1.3548,-0.3342,0.1278,1.5407,-1.0345,1.4188,-0.3877,-0.2947,-0.5739,-0.1396,0.7638,-0.5312,-0.4692,-1.5005,-0.0504,0.4459,0.3279,-0.0718,-1.7670,0.9133,-1.2185,-0.4171,0.0779,1.4004,-1.0831,1.4553,-0.7206,0.2817,-1.6600,-1.0096,0.0543,-0.1711,-0.2214,1.8757,-0.7784,0.8547,0.5278,0.18
2.1608,0.1800,0.0000,0.0000,0.0000,0.0000,0.0000,0.1472,-0.0653,2.2406,-0.9590,0.0961,-0.2668,0.4732,-0.0250,-1.6623,0.9387,-1.3296,-0.3502,0.1157,1.5122,-1.0374,1.4310,-1.3416,-0.4537,-0.7018,0.0310,1.2912,-0.7794,-0.4420,-0.9849,-0.1628,0.4808,0.3000,-0.1492,-1.7874,0.9239,-1.1643,-0.4660,0.0570,1.4207,-1.0568,1.4627,-1.0972,-0.4921,-1.2207,-0.8437,0.4953,-0.6596,-0.4300,2.1661,-0.4650,1.0690,0.5556,0.18
2.1848,0.1800,0.0000,0.0000,0.0000,0.0000,0.0000,-0.0027,0.2532,2.0503,-0.9276,0.1727,-0.3313,0.4437,-0.0433,-1.6786,0.9388,-1.2993,-0.3725,0.1041,1.4969,-1.0394,1.4414,-1.1516,-1.2020,-0.8569,0.0853,1.6518,-1.0934,-0.6979,-0.5661,0.0388,0.4149,0.3000,-0.2000,-1.7799,0.9188,-1.1087,-0.5000,0.0356,1.4411,-1.0352,1.4556,-1.5201,-1.0400,-0.7216,-0.8431,0.9511,-1.1323,-0.6436,2.5121,-0.2002,1.5438,0.5833,0.18
2.2078,0.1800,0.0000,0.0000,0.0000,0.0000,0.0000,-0.0149,0.4169,1.9086,-0.9486,0.0880,-0.3039,0.4162,-0.0749,-1.6963,0.9384,-1.2596,-0.4003,0.0903,1.4872,-1.0372,1.4488,-0.8957,-1.5393,-0.7134,-0.1241,1.7991,-1.3028,-0.7638,-0.3761,0.2520,0.1977,0.3000,-0.2000,-1.7398,0.9539,-1.1562,-0.5000,0.0040,1.4615,-1.0179,1.4485,-1.8778,-1.1487,-0.3201,-0.6702,1.5592,-1.5426,-0.9598,2.8185,0.0185,1.9503,0.6111,0.18
2.2318,0.1800,0.0000,0.0000,0.0000,0.0000,0.0000,-0.0583,0.4765,1.6694,-0.9168,0.2251,-0.3300,0.3961,-0.1048,-1.7054,0.9393,-1.2300,-0.4280,0.0712,1.4832,-1.0316,1.4523,-0.6708,-1.2136,-0.2792,0.1163,0.8608,-1.0430,-0.8918,-0.2675,0.3994,0.1008,0.3000,-0.2000,-1.6493,1.0201,-1.1689,-0.5000,0.0000,1.4819,-0.9834,1.4414,-1.9605,-1.1900,0.2788,-0.5211,2.0423,-1.8014,-1.3217,3.0803,0.4057,2.2370,0.6389,0.17
2.2558,0.1800,0.0000,0.0000,0.0000,0.0000,0.0000,0.0215,0.3946,1.4038,-0.7038,0.3707,-0.6060,0.3818,-0.1282,-1.7021,0.9449,-1.2146,-0.4500,0.0518,1.4815,-1.0231,1.4530,-0.4304,-0.7794,0.3606,0.3257,0.5506,-0.7794,-0.8026,-0.0233,0.4459,-0.0271,0.3000,-0.1889,-1.5569,1.0765,-1.1813,-0.5000,0.0000,1.5022,-0.9761,1.4342,-2.0672,-0.8893,0.8980,-0.4347,1.8709,-1.8790,-1.2962,3.1643,0.5152,2.4716,0.6667,0.18
2.2798,0.1800,0.0000,0.0000,0.0000,0.0000,0.0000,-0.1813,-0.0177,1.1257,-0.5876,0.3964,-0.7054,0.3662,-0.1399,-1.6917,0.9545,-1.2059,-0.4665,0.0400,1.4797,-1.0161,1.4514,-0.7794,-0.2869,0.4847,0.5661,0.3024,-0.5583,-0.4692,-0.0892,0.2404,-0.1435,0.3000,-0.1743,-1.5161,1.1265,-1.1931,-0.5000,0.0000,1.5226,-0.9845,1.4271,-2.1762,-0.7426,1.0863,-0.3565,1.6305,-1.9122,-1.0499,3.1427,0.4609,2.5654,0.6944,0.19
2.3028,0.1800,0.0000,0.0000,0.0000,0.0000,0.0000,-0.2835,-0.6720,0.4556,-0.5978,0.4323,-0.6751,0.3480,-0.1440,-1.6777,0.9686,-1.2013,-0.4802,0.0319,1.4781,-1.0154,1.4474,-0.6320,0.0349,0.6204,0.7987,0.1861,-0.5932,-0.1822,-0.0892,-0.1086,-0.2404,0.3000,-0.2000,-1.4896,1.1716,-1.2039,-0.5000,0.0056,1.5430,-0.9564,1.4200,-2.1053,-1.0444,0.9594,-0.2502,1.8238,-1.8080,-0.9441,2.9771,0.7664,2.4859,0.7222,0.19
2.3258,0.1800,0.0000,0.0000,0.0000,0.0000,0.0000,-0.3047,-1.0693,-0.2439,-0.7421,0.3946,-0.5418,0.3356,-0.1481,-1.6579,0.9918,-1.1985,-0.4930,0.0295,1.4779,-1.0148,1.4423,-0.4575,-0.2598,0.8104,1.3106,0.1086,-0.5079,-0.1163,0.0078,0.1473,-0.2326,0.3000,-0.2000,-1.4689,1.1957,-1.2136,-0.5000,0.0000,1.5633,-0.9348,1.4128,-1.8747,-1.5990,0.8614,-0.2608,2.3828,-1.5226,-1.1224,2.7127,1.4427,2.3501,0.7500,0.18
2.3498,0.1800,0.0000,0.0000,0.0000,0.0000,0.0000,-0.4115,-1.2110,-0.7302,-0.8589,0.3090,-0.4085,0.3276,-0.1546,-1.6366,1.0194,-1.1962,-0.5047,0.0287,1.4809,-1.0091,1.4368,-0.2249,-0.2443,1.0314,1.3144,0.0620,-0.4730,-0.0427,0.1861,0.4188,-0.2947,0.3000,-0.2000,-1.4307,1.1936,-1.2221,-0.5000,0.0000,1.5837,-0.9358,1.4057,-1.7038,-2.0434,0.9375,-0.4277,2.8480,-1.2214,-1.4810,2.4190,2.1654,2.2186,0.7778,0.17
2.3738,0.1800,0.0000,0.0000,0.0000,0.0000,0.0000,-0.4943,-1.2687,-0.9909,-0.9263,0.2186,-0.3067,0.3228,-0.1606,-1.6100,1.0468,-1.1960,-0.5158,0.0277,1.4881,-1.0004,1.4310,-0.1280,-0.2482,1.3028,1.1051,0.0310,-0.3296,-0.0775,0.3567,0.3102,-0.2326,0.3000,-0.2000,-1.3939,1.1948,-1.2293,-0.4990,0.0000,1.6041,-0.9360,1.3986,-1.6672,-2.4075,1.0122,-0.4496,3.0998,-0.9898,-1.7932,2.1459,2.7193,2.0838,0.8056,0.18
2.3968,0.1800,0.0000,0.0000,0.0000,0.0000,0.0000,-0.6985,-1.3150,-1.2554,-0.9248,0.2426,-0.2931,0.3195,-0.1666,-1.5766,1.0695,-1.1968,-0.5213,0.0252,1.5006,-0.9934,1.4246,-0.1435,-0.1939,1.5083,0.9228,-0.0698,-0.1745,-0.1939,0.5312,0.2520,-0.3179,0.3000,-0.2000,-1.3633,1.2125,-1.2352,-0.4822,0.0000,1.6244,-0.9355,1.3914,-1.5571,-2.6243,1.1123,-0.1931,3.2386,-0.8221,-2.0108,1.8515,3.0054,1.9058,0.8333,0.18
2.4198,0.1800,0.0000,0.0000,0.0000,0.0000,0.0000,-0.7842,-1.3844,-1.4383,-0.9150,0.2912,-0.2793,0.3186,-0.1724,-1.5435,1.0892,-1.1987,-0.5235,0.0230,1.5142,-0.9878,1.4178,-0.0155,-0.2016,1.5820,1.0624,-0.0931,0.0698,-0.1241,0.6824,0.2016,-0.3412,0.3000,-0.2000,-1.3328,1.2194,-1.2398,-0.4610,0.0000,1.6448,-0.9342,1.3842,-1.3440,-2.6509,1.1913,0.0648,3.3791,-0.6105,-1.9612,1.5190,3.1068,1.8783,0.8611,0.18
2.4438,0.1800,0.0000,0.0000,0.0000,0.0000,0.0000,-0.7891,-1.4949,-1.7100,-0.9424,0.2589,-0.2117,0.3185,-0.1775,-1.5066,1.1102,-1.2021,-0.5206,0.0212,1.5304,-0.9837,1.4114,0.0349,-0.1396,1.6052,0.9189,-0.1357,0.2288,-0.0775,0.6902,0.2055,-0.2869,0.3000,-0.2000,-1.3022,1.2089,-1.2432,-0.4224,0.0000,1.6652,-0.9322,1.3742,-1.0879,-2.5847,1.1516,0.2504,3.3441,-0.2235,-1.7507,1.2187,3.2939,1.9297,0.8889,0.19
2.4667,0.1800,0.0000,0.0000,0.0000,0.0000,0.0000,-0.7782,-1.5880,-2.0260,-0.9671,0.1389,-0.2133,0.3192,-0.1824,-1.4651,1.1297,-1.2074,-0.5111,0.0197,1.5481,-0.9792,1.4051,0.1008,-0.2210,1.8224,0.7134,-0.2869,0.5777,-0.0465,0.7173,0.2016,-0.2675,0.3133,-0.2000,-1.2771,1.1880,-1.2456,-0.3764,0.0000,1.6765,-0.9295,1.3641,-0.8669,-2.5024,0.9458,0.4185,3.0805,0.2359,-1.4812,0.9092,3.4591,1.9126,0.9167,0.20
2.4898,0.1800,0.0000,0.0000,0.0000,0.0000,0.0000,-0.7663,-1.6324,-2.3278,-0.9787,0.1580,-0.1312,0.3218,-0.1861,-1.4243,1.1437,-1.2133,-0.4944,0.0186,1.5652,-0.9746,1.3981,0.2210,-0.0698,1.8224,0.5002,-0.2016,0.9616,-0.0853,0.7328,0.2365,-0.3800,0.3455,-0.2000,-1.2683,1.1623,-1.2472,-0.3252,0.0000,1.6649,-0.9262,1.3541,-0.5453,-2.1921,0.7280,0.6090,2.7391,0.7481,-1.2386,0.5895,3.4846,1.7212,0.9444,0.19
2.5137,0.1800,0.0000,0.0000,0.0000,0.0000,0.0000,-0.7511,-1.7623,-2.7067,-0.9679,0.2118,-0.1352,0.3311,-0.1888,-1.3820,1.1528,-1.2193,-0.4702,0.0176,1.5800,-0.9691,1.3904,0.6630,-0.0737,1.8805,0.4614,-0.2482,1.1904,-0.1473,0.3528,0.1939,-0.3412,0.3901,-0.2000,-1.2633,1.1290,-1.2483,-0.3000,0.0156,1.6531,-0.9223,1.3440,-0.0987,-1.6387,0.4725,0.7707,2.1695,1.4305,-0.8440,0.2677,3.3867,1.4872,0.9722,0.17
2.5377,0.1800,0.0000,0.0000,0.0000,0.0000,0.0000,-0.7262,-2.0077,-1.8520,-0.9646,0.0803,0.2514,0.3491,-0.1904,-1.3386,1.1580,-1.2265,-0.4544,0.0176,1.5804,-0.9666,1.3806,0.9887,-0.0775,1.6944,0.0039,-0.2326,0.9112,-0.0155,-0.0349,0.0969,-0.4420,0.4224,-0.2000,-1.2507,1.0871,-1.2770,-0.3000,0.0597,1.6713,-0.9180,1.3340,0.2235,-1.1245,0.2934,0.8709,1.7581,1.7303,-0.4030,0.2462,3.2327,1.6172,0.0000,0.17
2.5607,0.1800,0.0000,0.0000,0.0000,0.0000,0.0000,-0.6538,-1.3874,-1.1306,-0.9981,-0.0607,-0.0060,0.3714,-0.1926,-1.3057,1.1513,-1.2351,-0.4334,0.0219,1.5824,-0.9644,1.3714,1.0430,-0.1473,1.2408,-0.6204,-0.5041,0.8142,0.3606,0.2249,0.1590,-0.5273,0.4417,-0.1598,-1.2884,1.0635,-1.2699,-0.3000,0.1062,1.6884,-0.9133,1.3239,0.4166,-0.5981,0.1199,0.5829,1.0910,1.8782,0.0618,0.2140,3.3086,1.6692,0.0278,0.17
2.5837,0.1800,0.0000,0.0000,0.0000,0.0000,0.0000,-0.6154,-0.2019,-0.6517,-0.9806,-0.1399,0.1372,0.3937,-0.1905,-1.2906,1.1366,-1.2435,-0.4173,0.0350,1.5920,-0.9580,1.3620,1.0236,0.2753,0.2559,-0.7600,-0.2482,0.8181,0.7057,0.7522,0.2792,-0.4537,0.4675,-0.1079,-1.3262,1.0521,-1.3333,-0.3000,0.1387,1.6894,-0.9083,1.3139,0.6747,-0.0790,-0.0542,0.4182,0.2940,1.7485,0.3868,0.0200,3.2995,1.4489,0.0556,0.17
2.6087,0.1800,0.0000,0.0000,0.0000,0.0000,0.0000,-0.6901,-0.2624,-0.5573,-0.9898,-0.1398,0.0268,0.4137,-0.1792,-1.2874,1.1213,-1.2560,-0.3989,0.0517,1.6070,-0.9519,1.3529,0.8957,0.6863,0.1047,-0.5002,-0.8647,0.7251,0.9655,0.5816,0.2830,-0.4575,0.5000,0.0000,-1.3784,1.0321,-1.3959,-0.3000,0.1881,1.6915,-0.9031,1.3038,1.4009,1.0567,-0.3731,0.1689,-0.4032,1.6369,0.8811,-0.1632,3.0667,1.1957,0.0833,0.18
2.6327,0.1800,0.0000,0.0000,0.0000,0.0000,0.0000,-0.5657,-0.1417,-0.3408,-0.9528,-0.2777,0.1230,0.4413,-0.1490,-1.2887,1.1093,-1.2842,-0.3866,0.0777,1.6170,-0.9454,1.3427,1.3067,1.6595,-0.1163,-0.4653,-1.3183,0.4692,1.1593,0.2016,0.2559,-0.3916,0.5000,0.0000,-1.4348,0.9880,-1.4103,-0.3000,0.2000,1.6509,-0.9209,1.3284,2.3928,2.7162,-0.7332,-0.3176,-0.6183,1.4252,1.3748,-0.5693,2.8737,0.7228,0.1111,0.17
2.6577,0.1800,0.0000,0.0000,0.0000,0.0000,0.0000,-0.5136,-0.0276,-0.1782,-0.9722,-0.2276,0.0546,0.4686,-0.1139,-1.2959,1.0964,-1.3144,-0.3778,0.1034,1.6175,-0.9424,1.3371,1.1787,1.4928,-0.4575,-0.7212,-1.1671,0.2986,0.9577,-0.1280,0.0853,-0.0427,0.5000,0.0000,-1.4819,0.9500,-1.4083,-0.3000,0.2000,1.6039,-0.9722,1.2701,3.0710,3.8752,-1.0795,-0.7398,-0.6691,1.1919,1.3884,-0.7330,2.7722,0.0120,0.1389,0.18
2.6817,0.1800,0.0000,0.0000,0.0000,0.0000,0.0000,-0.5180,-0.0118,0.0901,-0.9507,-0.2927,0.1022,0.4928,-0.0844,-1.3105,1.0759,-1.3401,-0.3709,0.1267,1.6112,-0.9459,1.3285,0.9887,1.0818,-0.8336,-0.9228,-0.7328,0.2365,0.8453,-0.3994,-0.3839,-0.7561,0.5000,0.0000,-1.5022,0.9323,-1.3919,-0.3145,0.2000,1.5616,-1.0200,1.2511,3.1976,4.1879,-1.3667,-0.9525,-0.5766,0.8548,1.2282,-0.8505,2.7056,-0.3019,0.1667,0.17
2.7047,0.1800,0.0000,0.0000,0.0000,0.0000,0.0000,-0.5979,-0.0420,0.3840,-0.9598,-0.2580,0.1105,0.5108,-0.0626,-1.3321,1.0535,-1.3553,-0.3671,0.1443,1.5978,-0.9604,1.3132,0.6320,0.8026,-0.9693,-0.9732,-0.4304,0.0620,0.5079,-0.7367,-0.7910,-0.7134,0.5000,0.0000,-1.5226,0.9306,-1.3851,-0.3402,0.2000,1.5315,-1.0621,1.2598,3.1731,4.0266,-1.5325,-1.0463,-0.5804,0.5982,1.1510,-0.8461,2.5723,-0.3324,0.1944,0.16
2.7297,0.1800,0.0000,0.0000,0.0000,0.0000,0.0000,-0.6111,-0.0528,0.5942,-0.9634,-0.2645,0.0437,0.5204,-0.0483,-1.3568,1.0331,-1.3628,-0.3671,0.1563,1.5782,-0.9824,1.3005,0.3955,0.5312,-1.2757,-0.8065,-0.2288,-0.0853,0.4304,-0.9383,-1.1477,-0.4653,0.5000,0.0000,-1.5430,0.9331,-1.3832,-0.3552,0.2000,1.4968,-1.0966,1.2736,3.1771,3.9628,-1.6271,-1.2181,-0.6323,0.4475,1.2286,-0.8876,2.3249,-0.3026,0.2222,0.17
2.7528,0.1800,0.0000,0.0000,0.0000,0.0000,0.0000,-0.6621,-0.0279,0.6583,-0.9732,-0.2216,0.0611,0.5256,-0.0374,-1.3884,1.0123,-1.3672,-0.3714,0.1659,1.5540,-1.0101,1.2935,0.1435,0.3722,-1.1555,-0.6863,-0.0931,-0.2404,0.2443,-1.1555,-1.2408,-0.2210,0.5000,0.0000,-1.5633,0.9348,-1.3806,-0.3716,0.2000,1.4643,-1.1217,1.2756,3.1375,3.8907,-1.7587,-1.2457,-0.6781,0.2842,1.2390,-0.9068,2.0636,-0.3806,0.2500,0.16
2.7767,0.1800,0.0000,0.0000,0.0000,0.0000,0.0000,-0.6641,-0.0071,0.6457,-0.9846,-0.1666,0.0535,0.5283,-0.0291,-1.4153,0.9993,-1.3695,-0.3781,0.1721,1.5258,-1.0380,1.2902,0.0620,0.3761,-1.1438,-0.5196,-0.0504,-0.4071,0.1822,-1.3842,-1.2252,-0.1628,0.5000,0.0000,-1.5837,0.9358,-1.3778,-0.3853,0.2000,1.4294,-1.1364,1.2753,3.0440,3.7234,-1.8922,-1.2401,-0.7206,0.1467,1.2536,-0.9508,1.7774,-0.4685,0.2778,0.16
2.7997,0.1800,0.0000,0.0000,0.0000,0.0000,0.0000,-0.6319,0.0230,0.7130,-0.9944,-0.1003,0.0334,0.5295,-0.0226,-1.4404,0.9888,-1.3707,-0.3890,0.1774,1.4931,-1.0670,1.2873,0.0620,0.1745,-1.1012,-0.3141,0.0349,-0.4963,0.1784,-1.4036,-1.1748,-0.0853,0.5000,0.0000,-1.6041,0.9360,-1.3760,-0.3999,0.2000,1.3955,-1.1398,1.2764,2.9094,3.4939,-1.9822,-1.2384,-0.7742,0.0012,1.2683,-0.9838,1.4388,-0.5295,0.3056,0.16
2.8227,0.1800,0.0000,0.0000,0.0000,0.0000,0.0000,-0.6295,0.0299,0.8153,-0.9925,-0.1219,0.0054,0.5306,-0.0184,-1.4642,0.9824,-1.3710,-0.4010,0.1823,1.4601,-1.0917,1.2851,0.0775,0.2520,-1.0779,-0.1939,0.0039,-0.5079,0.1667,-1.5393,-0.9849,-0.1008,0.5000,0.0000,-1.6244,0.9355,-1.3705,-0.4169,0.2000,1.3633,-1.1318,1.2754,2.7334,3.3040,-2.0593,-1.2839,-0.7905,-0.1693,1.3145,-1.0262,1.0210,-0.5986,0.3333,0.16
2.8457,0.1800,0.0000,0.0000,0.0000,0.0000,0.0000,-0.5867,0.0299,0.9357,-0.9979,-0.0648,0.0082,0.5313,-0.0155,-1.4868,0.9775,-1.3710,-0.4153,0.1859,1.4247,-1.1108,1.2829,-0.0388,0.2055,-1.0275,-0.1745,-0.0271,-0.6398,0.1202,-1.6052,-0.5622,-0.1318,0.5000,0.0000,-1.6448,0.9342,-1.3634,-0.4395,0.2000,1.3334,-1.1487,1.2674,2.4742,2.9013,-2.1262,-1.2090,-0.7922,-0.3953,1.2663,-0.9934,0.6415,-0.7239,0.3611,0.17
2.8687,0.1800,0.0000,0.0000,0.0000,0.0000,0.0000,-0.5594,0.0205,1.0964,-0.9958,-0.0508,-0.0761,0.5319,-0.0136,-1.5089,0.9731,-1.3703,-0.4303,0.1882,1.3873,-1.1270,1.2804,0.1086,0.1241,-0.9849,-0.1784,0.0310,-0.6708,0.1357,-1.5742,-0.7561,-0.2016,0.5000,0.0000,-1.6652,0.9322,-1.3527,-0.4608,0.2000,1.3078,-1.1573,1.2710,2.1399,2.4466,-2.1468,-1.1828,-0.7853,-0.6082,1.2425,-0.9441,0.2656,-0.7220,0.3889,0.16
2.8937,0.1800,0.0000,0.0000,0.0000,0.0000,0.0000,-0.6143,-0.0236,0.5898,-0.9971,0.0726,-0.0231,0.5393,-0.0125,-1.5244,0.9714,-1.3689,-0.4456,0.1902,1.3544,-1.1417,1.2788,0.3606,0.0039,-0.6785,-0.0465,0.1163,-0.6553,0.0698,-1.1516,-0.3877,0.1241,0.5000,0.0000,-1.6856,0.9325,-1.3546,-0.4669,0.2000,1.2858,-1.1113,1.2690,1.9116,1.8119,-2.1883,-0.9695,-0.9054,-0.6686,1.0750,-0.8583,0.3484,-0.7663,0.4167,0.17
2.9177,0.1800,0.0000,0.0000,0.0000,0.0000,0.0000,-0.6049,0.0245,0.2881,-0.9289,0.0016,-0.3702,0.5428,-0.0126,-1.5411,0.9708,-1.3667,-0.4627,0.1925,1.3346,-1.1396,1.2808,0.2288,-0.0000,-0.6243,0.0659,0.0931,-0.4537,0.0543,-0.4885,0.2288,-0.0737,0.5000,0.0000,-1.7059,0.9262,-1.3541,-0.4580,0.2000,1.2604,-1.0762,1.2888,1.8475,1.4730,-2.1286,-1.0529,-1.0425,-0.5805,1.1579,-0.8069,0.2521,-0.5839,0.4444,0.16
2.9407,0.1800,0.0000,0.0000,0.0000,0.0000,0.0000,-0.4566,0.0779,0.3959,-0.9743,0.2251,0.0082,0.5439,-0.0120,-1.5588,0.9688,-1.3655,-0.4704,0.1936,1.3214,-1.1279,1.2812,-0.0194,0.0078,-0.9771,-0.1977,0.0349,-0.0969,-0.0039,-0.7018,0.5622,0.0737,0.5000,0.0000,-1.7263,0.9235,-1.3440,-0.4638,0.1983,1.2553,-1.0351,1.2818,1.5384,1.0956,-1.9798,-0.9887,-1.0067,-0.6376,0.9834,-0.5525,0.1680,-0.6646,0.4722,0.15
2.9638,0.1800,0.0000,0.0000,0.0000,0.0000,0.0000,-0.4114,0.0315,0.3331,-0.9894,0.0945,-0.1107,0.5442,-0.0108,-1.5795,0.9650,-1.3637,-0.4742,0.1941,1.3067,-1.1093,1.2852,0.0931,0.0931,-0.9771,-0.1202,0.1435,-0.3102,0.0892,-0.6049,1.1361,0.0155,0.5000,-0.0104,-1.7467,0.9180,-1.3181,-0.4627,0.1830,1.2452,-0.9857,1.3210,1.1047,0.8964,-1.9518,-1.1018,-0.8414,-0.6267,0.8296,-0.3476,0.1433,-0.5597,0.5000,0.15
2.9867,0.1800,0.0000,0.0000,0.0000,0.0000,0.0000,-0.3878,0.0052,0.2063,-0.9697,0.2365,0.0617,0.5443,-0.0116,-1.6004,0.9618,-1.3579,-0.4799,0.1933,1.2919,-1.0863,1.2901,0.0465,-0.0194,-0.9732,-0.1706,0.3877,-0.2055,-0.1435,-0.6708,1.1632,0.4963,0.4602,-0.0722,-1.7670,0.9133,-1.3031,-0.4738,0.1607,1.2926,-0.9629,1.3183,0.6019,0.2780,-1.7540,-1.0662,-0.7917,-0.7375,0.6068,-0.0781,0.4237,-0.5159,0.5278,0.16
3.0107,0.1800,0.0000,0.0000,0.0000,0.0000,0.0000,-0.2314,0.0393,0.1903,-0.9936,0.0970,-0.0571,0.5419,-0.0196,-1.6211,0.9576,-1.3490,-0.4849,0.1895,1.2812,-1.0612,1.2987,-0.2326,-0.6359,-0.9034,-0.1939,0.4226,-0.3335,-0.3528,-0.3606,0.9693,0.2326,0.4108,-0.0935,-1.7874,0.9083,-1.2759,-0.5000,0.1474,1.3322,-0.9515,1.3308,0.1079,0.0652,-1.5373,-1.1879,-0.6201,-1.0014,0.4741,0.1147,0.5880,-0.3190,0.5556,0.16
3.0348,0.1800,0.0000,0.0000,0.0000,0.0000,0.0000,-0.3355,0.0443,0.0213,-0.9852,0.1441,-0.0925,0.5320,-0.0350,-1.6405,0.9541,-1.3358,-0.4957,0.1829,1.2784,-1.0430,1.3047,-0.5661,-0.5428,-0.7987,-0.1280,0.6708,-0.5157,-0.2947,-0.0465,0.6824,0.2559,0.3649,-0.1435,-1.8078,0.9031,-1.2530,-0.5000,0.1236,1.3712,-0.9296,1.3350,-0.3506,-0.4352,-1.3083,-1.0512,-0.4919,-1.4048,0.2356,0.3010,0.8562,-0.2064,0.5833,0.16
3.0577,0.1800,0.0000,0.0000,0.0000,0.0000,0.0000,-0.2883,0.0222,-0.0482,-0.9764,0.2111,-0.0449,0.5138,-0.0574,-1.6583,0.9513,-1.3196,-0.5089,0.1726,1.2815,-1.0275,1.3106,-0.8065,-1.0391,-0.6669,-0.0427,0.7445,-0.5118,-0.6940,0.2714,0.7134,0.1628,0.3246,-0.1928,-1.8078,0.9300,-1.2753,-0.5000,0.0912,1.4119,-0.9198,1.3385,-0.7542,-0.9282,-1.0091,-0.9090,-0.1916,-1.9254,-0.0878,0.5041,1.0859,-0.0997,0.6111,0.16
3.0807,0.1800,0.0000,0.0000,0.0000,0.0000,0.0000,-0.3567,0.0343,-0.2202,-0.9732,0.2137,-0.0846,0.4905,-0.0843,-1.6743,0.9500,-1.3082,-0.5184,0.1604,1.2897,-1.0135,1.3156,-1.0353,-1.1748,-0.7289,0.1241,0.2830,-0.3296,-0.7328,0.4692,0.5894,0.2016,0.3003,-0.2000,-1.7455,0.9879,-1.2461,-0.5000,0.0481,1.4459,-0.9239,1.3502,-0.9971,-1.3713,-0.6830,-0.8428,0.2287,-2.4095,-0.5186,0.6405,1.5457,0.0890,0.6389,0.16
3.1047,0.1800,0.0000,0.0000,0.0000,0.0000,0.0000,-0.3456,-0.0179,-0.4660,-0.9624,0.2600,-0.0788,0.4637,-0.1118,-1.6831,0.9560,-1.2987,-0.5259,0.1416,1.3052,-1.0016,1.3217,-1.2059,-1.0236,-0.2520,0.5855,0.6010,-0.2365,-0.9887,0.7212,0.4420,0.3102,0.3000,-0.2000,-1.6762,1.0443,-1.2145,-0.5000,0.0000,1.4788,-0.9276,1.3721,-1.2067,-1.8782,-0.2949,-0.7566,0.6681,-2.7040,-1.1535,0.7662,2.0875,0.3784,0.6667,0.16
3.1297,0.1800,0.0000,0.0000,0.0000,0.0000,0.0000,-0.1800,0.0029,-0.8024,-0.9768,0.1984,-0.0803,0.4353,-0.1343,-1.6823,0.9706,-1.2833,-0.5304,0.1146,1.3288,-0.9917,1.3305,-1.0779,-0.8181,0.2365,0.7755,0.7832,-0.1706,-1.2912,1.0857,0.3761,0.4188,0.3000,-0.2000,-1.6069,1.1154,-1.1931,-0.5000,0.0000,1.5111,-0.9306,1.3913,-1.3383,-2.3639,0.0917,-0.4676,1.3477,-2.7266,-1.7370,0.8855,2.4961,0.6417,0.6944,0.16
3.1527,0.1800,0.0000,0.0000,0.0000,0.0000,0.0000,-0.0110,0.2065,-0.7399,-0.9938,0.0821,0.0747,0.4084,-0.1507,-1.6690,0.9973,-1.2629,-0.5353,0.0854,1.3573,-0.9825,1.3425,-1.0702,-0.5583,0.7406,1.2369,0.8569,-0.2559,-1.0430,1.1283,0.2637,0.4924,0.3000,-0.2000,-1.5354,1.1491,-1.2039,-0.5000,0.0000,1.5430,-0.9331,1.4200,-1.4695,-2.7296,0.5014,-0.4749,2.3971,-2.6125,-2.0151,1.0792,2.5511,1.0349,0.7222,0.17
3.1767,0.1800,0.0000,0.0000,0.0000,0.0000,0.0000,-0.0340,-0.0722,-0.5719,-0.9989,-0.0216,-0.0420,0.3865,-0.1620,-1.6468,1.0261,-1.2486,-0.5393,0.0642,1.3799,-0.9806,1.3566,-0.8104,-0.4110,1.1244,1.2640,0.4885,-0.0504,-0.6979,0.9189,0.0427,0.6359,0.3000,-0.2000,-1.4757,1.1612,-1.2136,-0.5000,0.0000,1.5633,-0.9348,1.4128,-1.6301,-2.8743,0.7929,-0.6053,3.0964,-2.3624,-2.2042,1.3724,2.6499,1.4440,0.7500,0.17
3.1997,0.1800,0.0000,0.0000,0.0000,0.0000,0.0000,-0.0289,-0.0148,-0.5635,-0.9977,-0.0639,0.0236,0.3709,-0.1697,-1.6095,1.0573,-1.2400,-0.5425,0.0500,1.4053,-0.9787,1.3699,-0.6243,-0.2520,1.7060,1.2446,0.3451,-0.1551,-0.5971,1.0314,0.0931,0.4575,0.3000,-0.2000,-1.4244,1.1816,-1.2221,-0.5000,0.0000,1.5837,-0.9358,1.4057,-1.7290,-3.0071,1.0037,-0.5476,3.4701,-2.1139,-2.4230,1.5496,2.8164,1.6668,0.7778,0.17
3.2237,0.1800,0.0000,0.0000,0.0000,0.0000,0.0000,-0.0534,0.0048,-0.5585,-0.9911,-0.1123,-0.0720,0.3606,-0.1741,-1.5669,1.0858,-1.2355,-0.5442,0.0396,1.4306,-0.9766,1.3781,-0.3102,-0.1628,2.0628,1.3726,0.0543,-0.0892,-0.4304,1.0818,-0.0194,0.2637,0.3000,-0.2000,-1.3939,1.1960,-1.2293,-0.5000,0.0000,1.6041,-0.9360,1.3986,-1.7729,-3.0647,1.1522,-0.4373,3.6901,-1.8949,-2.4330,1.5750,2.8697,1.7896,0.8056,0.17
3.2477,0.1800,0.0000,0.0000,0.0000,0.0000,0.0000,-0.1175,-0.0118,-0.4739,-0.9941,-0.0949,-0.0529,0.3567,-0.1782,-1.5165,1.1169,-1.2347,-0.5457,0.0303,1.4548,-0.9742,1.3826,-0.0504,-0.1628,2.2295,1.3997,0.0039,-0.0504,-0.3257,1.1051,0.1280,0.0155,0.3000,-0.2000,-1.3633,1.2038,-1.2352,-0.5000,0.0000,1.6244,-0.9355,1.3914,-1.7547,-3.1107,1.3102,-0.2806,3.8252,-1.7154,-2.4440,1.5613,2.8761,1.9214,0.8333,0.17
3.2707,0.1800,0.0000,0.0000,0.0000,0.0000,0.0000,-0.0966,-0.0026,-0.2603,-0.9806,-0.1959,-0.0111,0.3573,-0.1817,-1.4639,1.1463,-1.2350,-0.5470,0.0228,1.4789,-0.9720,1.3847,0.0543,-0.1318,2.1287,1.1244,0.0078,-0.0078,-0.2288,0.9849,0.1163,-0.0310,0.3000,-0.2000,-1.3328,1.1965,-1.2398,-0.5000,0.0000,1.6448,-0.9342,1.3842,-1.8092,-3.0797,1.3978,-0.1640,3.8894,-1.5645,-2.2947,1.5566,2.7249,2.1058,0.8611,0.17
3.2937,0.1800,0.0000,0.0000,0.0000,0.0000,0.0000,-0.1338,0.0010,-0.0421,-0.9779,-0.2091,-0.0032,0.3585,-0.1848,-1.4146,1.1683,-1.2357,-0.5478,0.0177,1.5024,-0.9704,1.3848,0.0427,-0.1435,2.0124,0.8530,0.0039,-0.0078,-0.1822,0.9151,0.0775,0.0155,0.3000,-0.2000,-1.3022,1.1807,-1.2432,-0.5000,0.0000,1.6652,-0.9322,1.3742,-1.8676,-3.0433,1.4770,-0.0320,3.9015,-1.3618,-2.1916,1.6140,2.5931,2.2300,0.8889,0.17
3.3177,0.1800,0.0000,0.0000,0.0000,0.0000,0.0000,-0.0960,0.0124,0.1315,-0.9733,-0.2294,-0.0097,0.3588,-0.1869,-1.3724,1.1821,-1.2365,-0.5491,0.0136,1.5226,-0.9691,1.3839,0.0233,-0.0543,1.6983,0.4304,0.0155,-0.0039,-0.1163,0.9073,0.0155,-0.0853,0.3000,-0.2000,-1.2717,1.1494,-1.2456,-0.5000,0.0000,1.6856,-0.9295,1.3641,-1.9288,-2.9545,1.4834,0.0328,3.8587,-1.1193,-2.0064,1.6611,2.4509,2.3166,0.9167,0.18
3.3427,0.1800,0.0000,0.0000,0.0000,0.0000,0.0000,-0.0618,0.0086,0.3066,-0.9718,-0.2351,0.0166,0.3588,-0.1885,-1.3327,1.1864,-1.2378,-0.5505,0.0096,1.5447,-0.9677,1.3809,0.0388,-0.0271,1.6363,-0.0271,-0.0465,-0.0078,-0.2133,0.8995,0.1241,-0.1977,0.3000,-0.2000,-1.2411,1.1029,-1.2472,-0.4807,0.0000,1.7059,-0.9262,1.3541,-1.9960,-2.8359,1.3933,0.0147,3.7431,-0.8074,-1.8203,1.7154,2.3248,2.3271,0.9444,0.17
3.3657,0.1800,0.0000,0.0000,0.0000,0.0000,0.0000,0.0857,-0.0613,0.5388,-0.8012,0.3454,-0.4886,0.3583,-0.1901,-1.3015,1.1710,-1.2382,-0.5504,0.0048,1.5639,-0.9663,1.3764,-0.0775,-0.0078,0.7367,-0.8065,-0.1086,0.0931,-0.1357,0.8336,-0.0155,-0.2869,0.3000,-0.2000,-1.2106,1.0499,-1.2483,-0.4171,0.0000,1.7263,-0.9223,1.3440,-1.8577,-1.8565,1.4738,-0.0201,3.3042,-0.1707,-1.7805,1.5694,1.8412,1.8154,0.9722,0.17
3.3897,0.1800,0.0000,0.0000,0.0000,0.0000,0.0000,-0.0765,0.0611,0.4921,-0.9896,0.0278,0.1410,0.3526,-0.1911,-1.2852,1.1477,-1.2391,-0.5421,0.0035,1.5829,-0.9639,1.3709,-0.3877,-0.0194,0.7483,-1.1748,-0.0620,0.6320,0.0000,0.7561,0.0969,-0.3141,0.3000,-0.2000,-1.1800,0.9811,-1.2770,-0.3499,0.0000,1.7467,-0.9180,1.3340,-1.5956,-1.9761,1.1883,-0.1893,3.1780,0.5009,-1.4849,1.5918,2.5106,1.8809,0.0000,0.18
3.4137,0.1800,0.0000,0.0000,0.0000,0.0000,0.0000,-0.0128,0.0863,0.4778,-0.9937,-0.0523,-0.0987,0.3456,-0.1926,-1.2624,1.1108,-1.2426,-0.5203,0.0035,1.6026,-0.9622,1.3634,-0.1590,-0.0271,1.0469,-1.9930,-0.2792,1.2679,-0.0388,0.6902,0.1124,-0.3528,0.3000,-0.2000,-1.2224,0.9563,-1.2699,-0.3130,0.0000,1.7670,-0.9133,1.3239,-1.6108,-1.8599,0.7796,-0.4892,2.6124,0.8700,-1.1747,1.3883,2.6312,1.6648,0.0278,0.17
3.4367,0.1800,0.0000,0.0000,0.0000,0.0000,0.0000,0.0581,-0.0721,0.5402,-0.9910,-0.1100,0.0765,0.3430,-0.1935,-1.2481,1.0723,-1.2488,-0.4902,0.0024,1.6206,-0.9613,1.3556,-0.0853,-0.0155,0.3916,-1.5548,-0.1667,1.4075,-0.0931,0.7522,0.0465,-0.4343,0.3000,-0.2000,-1.2732,0.9400,-1.2627,-0.3000,0.0194,1.7874,-0.9083,1.3139,-1.4298,-1.5637,0.4751,-0.7035,1.9941,1.0405,-0.8055,1.2489,2.6159,1.3171,0.0556,0.18
3.4607,0.1800,0.0000,0.0000,0.0000,0.0000,0.0000,-0.0197,0.0034,0.4735,-0.9965,0.0467,-0.0700,0.3407,-0.1937,-1.2447,1.0426,-1.2520,-0.4613,0.0035,1.6419,-0.9587,1.3475,0.1086,0.0271,-0.0388,-1.2214,-0.1202,1.1787,0.2055,0.9577,0.0853,-0.2869,0.3048,-0.1968,-1.3164,0.9166,-1.2556,-0.3000,0.0853,1.8078,-0.9031,1.2934,-0.9521,-0.9676,0.2473,-0.9864,1.0082,1.4341,-0.1467,1.0913,2.6757,0.8956,0.0833,0.17
3.4837,0.1800,0.0000,0.0000,0.0000,0.0000,0.0000,-0.0322,-0.1175,0.2363,-0.9928,0.1194,-0.0008,0.3426,-0.1940,-1.2465,1.0196,-1.2535,-0.4323,0.0163,1.6632,-0.9545,1.3375,0.1202,0.0116,-0.1396,-0.9500,0.0271,1.0236,0.8685,1.0740,0.3024,-0.5079,0.4402,-0.0773,-1.3625,0.9198,-1.3243,-0.3000,0.1601,1.8009,-0.9209,1.3090,0.4019,0.2271,-0.0098,-1.1328,0.2421,1.6146,0.6008,0.9310,2.9336,0.5286,0.1111,0.17
3.5077,0.1800,0.0000,0.0000,0.0000,0.0000,0.0000,0.0803,0.0133,-0.0843,-0.9806,-0.1701,-0.0971,0.3582,-0.1814,-1.2530,1.0034,-1.2615,-0.4093,0.0413,1.6866,-0.9496,1.3294,1.3106,1.1555,-0.4692,-0.5583,-0.7251,1.0624,1.2873,1.0197,0.1357,-0.2559,0.5000,0.0000,-1.4131,0.9239,-1.3293,-0.3000,0.2000,1.6884,-0.9722,1.3156,2.3398,2.5632,-0.3128,-1.4549,0.1203,1.5034,1.4143,0.1118,3.2099,0.4661,0.1389,0.17
3.5327,0.1800,0.0000,0.0000,0.0000,0.0000,0.0000,0.1935,-0.0289,-0.1040,-0.9887,0.1322,0.0699,0.3941,-0.1502,-1.2714,0.9912,-1.2778,-0.3924,0.0714,1.6978,-0.9483,1.3267,1.8069,1.6673,-0.8957,-0.4265,-0.5855,0.5932,1.5044,-0.0969,-0.1124,-0.0349,0.5000,0.0000,-1.4705,0.9276,-1.3327,-0.3000,0.2000,1.6199,-1.0200,1.2965,3.1489,3.8441,-0.6827,-1.3635,0.0155,1.2579,1.2112,-0.2677,3.4275,0.1521,0.1667,0.16
3.5557,0.1800,0.0000,0.0000,0.0000,0.0000,0.0000,0.2485,0.0118,0.0411,-0.9974,-0.0584,0.0431,0.4320,-0.1146,-1.2979,0.9822,-1.2919,-0.3765,0.1026,1.6904,-0.9562,1.3235,1.3997,1.3687,-1.2291,-0.2094,-0.3994,0.5894,1.0430,-0.6126,-0.5467,-0.2830,0.5000,0.0000,-1.5210,0.9306,-1.3303,-0.3000,0.2000,1.5604,-1.0621,1.3010,3.2187,4.1999,-0.9841,-1.4164,-0.0321,1.0127,1.1938,-0.5570,3.1157,0.0799,0.1944,0.16
3.5787,0.1800,0.0000,0.0000,0.0000,0.0000,0.0000,0.0783,0.0106,0.1170,-0.9961,0.0762,0.0456,0.4607,-0.0882,-1.3254,0.9795,-1.3016,-0.3624,0.1279,1.6711,-0.9723,1.3197,1.1671,1.1128,-1.4385,0.0078,-0.2598,0.5196,0.9500,-1.1477,-0.8453,-0.1396,0.5000,0.0000,-1.5430,0.9331,-1.3452,-0.3211,0.2000,1.5239,-1.0966,1.2972,3.1931,3.9125,-1.2519,-1.1858,-0.2525,0.7887,1.0965,-0.6163,2.8751,-0.0672,0.2222,0.19
3.6016,0.1800,0.0000,0.0000,0.0000,0.0000,0.0000,0.0508,0.0431,0.1879,-0.9985,-0.0486,-0.0259,0.4839,-0.0673,-1.3570,0.9779,-1.3105,-0.3544,0.1449,1.6399,-0.9967,1.3168,0.9228,0.8530,-1.3454,-0.0271,-0.3528,0.1667,0.6553,-1.4346,-1.2059,-0.1280,0.5000,0.0000,-1.5633,0.9348,-1.3560,-0.3275,0.2000,1.4756,-1.1217,1.3024,3.2281,4.0105,-1.4124,-1.4055,-0.4320,0.7247,1.3207,-0.7943,2.4619,-0.1120,0.2500,0.18
3.6247,0.1800,0.0000,0.0000,0.0000,0.0000,0.0000,0.0512,0.0194,0.1949,-0.9967,0.0815,-0.0045,0.5004,-0.0512,-1.3865,0.9754,-1.3200,-0.3537,0.1608,1.6029,-1.0266,1.3140,0.6243,0.5467,-1.3261,-0.0814,-0.3490,-0.1008,0.5932,-1.9581,-1.4618,-0.0659,0.5000,0.0000,-1.5837,0.9358,-1.3608,-0.3511,0.2000,1.4410,-1.1364,1.2889,3.1584,3.8014,-1.6318,-1.1960,-0.5509,0.4895,1.2707,-0.8340,2.1098,-0.3324,0.2778,0.18
3.6497,0.1800,0.0000,0.0000,0.0000,0.0000,0.0000,0.0927,0.0180,0.0575,-0.9958,0.0901,-0.0150,0.5119,-0.0407,-1.4160,0.9727,-1.3287,-0.3595,0.1699,1.5512,-1.0596,1.3103,0.4343,0.4459,-1.2059,-0.0814,-0.3141,-0.4188,0.2637,-2.1209,-1.3067,-0.2598,0.5000,0.0000,-1.6041,0.9360,-1.3638,-0.3635,0.2000,1.3983,-1.1398,1.2828,3.0920,3.6170,-1.7738,-1.1807,-0.6526,0.3651,1.3533,-0.9559,1.7482,-0.4649,0.3056,0.19
3.6727,0.1800,0.0000,0.0000,0.0000,0.0000,0.0000,0.0961,-0.0022,-0.1858,-0.9761,0.2165,-0.0156,0.5207,-0.0325,-1.4451,0.9705,-1.3372,-0.3705,0.1776,1.5036,-1.0875,1.3048,0.3296,0.2830,-1.0546,-0.0543,-0.2986,-0.4226,0.2016,-2.0821,-0.9267,-0.1861,0.5000,0.0000,-1.6244,0.9394,-1.3690,-0.3779,0.2000,1.3676,-1.1318,1.2756,2.9641,3.1502,-1.8914,-0.9606,-0.7757,0.2210,1.2919,-0.9571,1.5272,-0.5960,0.3333,0.18
3.6956,0.1800,0.0000,0.0000,0.0000,0.0000,0.0000,0.1462,-0.0114,-0.4027,-0.9930,0.1182,-0.0025,0.5266,-0.0275,-1.4701,0.9690,-1.3437,-0.3811,0.1828,1.4594,-1.1086,1.2994,0.2830,0.2482,-1.0353,-0.0039,-0.2404,-0.3567,0.2094,-2.0317,-0.6708,-0.3063,0.5000,0.0000,-1.6448,0.9342,-1.3723,-0.3785,0.2000,1.3328,-1.1129,1.2782,2.8912,3.0948,-1.9416,-1.1534,-0.8810,0.2152,1.4422,-1.0570,1.2753,-0.6160,0.3611,0.18
3.7187,0.1800,0.0000,0.0000,0.0000,0.0000,0.0000,0.0966,0.1328,-0.4492,-0.9969,0.0292,0.0737,0.5303,-0.0232,-1.4936,0.9673,-1.3499,-0.3928,0.1868,1.4170,-1.1199,1.2948,0.1473,0.2016,-0.9383,-0.0116,-0.2482,-0.5118,0.1047,-1.7952,-0.2288,-0.1667,0.5000,0.0000,-1.6652,0.9322,-1.3568,-0.3980,0.2000,1.3022,-1.0847,1.2702,2.7322,2.9798,-2.0205,-1.1318,-0.8265,0.0198,1.4000,-1.0971,0.9912,-0.7304,0.3889,0.18
3.7436,0.1800,0.0000,0.0000,0.0000,0.0000,0.0000,0.1602,0.1399,-0.2503,-0.9974,-0.0719,0.0000,0.5318,-0.0198,-1.5186,0.9656,-1.3537,-0.4052,0.1891,1.3705,-1.1253,1.2907,0.0233,0.1435,-1.0663,-0.0116,-0.0271,-0.4692,0.0892,-2.0356,-0.0155,-0.1784,0.5000,0.0000,-1.6856,0.9295,-1.3369,-0.4208,0.2000,1.2717,-1.0888,1.2726,2.4136,2.6757,-2.0707,-1.1537,-0.7280,-0.2081,1.3413,-1.0838,0.5735,-0.7301,0.4167,0.18
3.7676,0.1800,0.0000,0.0000,0.0000,0.0000,0.0000,0.1410,0.1343,-0.0824,-0.9746,-0.2004,-0.1003,0.5326,-0.0164,-1.5433,0.9624,-1.3531,-0.4217,0.1903,1.3333,-1.1173,1.2905,0.0310,0.1318,-0.9771,-0.1280,0.1086,-0.7212,-0.0233,-0.9732,0.3257,-0.2482,0.5000,0.0000,-1.7059,0.9262,-1.3154,-0.4424,0.2000,1.2411,-1.0746,1.2814,2.0339,2.2563,-2.0989,-1.1460,-0.6138,-0.4245,1.1900,-1.0041,0.2685,-0.6585,0.4444,0.18
3.7927,0.1800,0.0000,0.0000,0.0000,0.0000,0.0000,-0.0017,-0.3311,0.1911,-0.9970,0.0101,-0.0768,0.5334,-0.0153,-1.5639,0.9620,-1.3487,-0.4340,0.1914,1.3155,-1.1077,1.2889,-0.0155,-0.0078,-0.8530,-0.0465,0.2598,-0.3373,-0.0388,-0.7600,0.5002,-0.0233,0.5000,0.0000,-1.7263,0.9233,-1.3133,-0.4499,0.1825,1.2532,-1.0359,1.2946,1.4555,1.4176,-2.1512,-0.9903,-0.6931,-0.4994,0.8253,-0.5732,0.1602,-0.5366,0.4722,0.17
3.8166,0.1800,0.0000,0.0000,0.0000,0.0000,0.0000,-0.0212,-0.0064,0.5860,-0.9909,-0.0307,-0.1312,0.5351,-0.0134,-1.5878,0.9572,-1.3411,-0.4432,0.1898,1.3005,-1.0954,1.2919,0.1900,0.1241,-1.1361,-0.2288,0.2986,-0.2171,-0.1008,-0.6824,0.7483,0.3257,0.4976,-0.0013,-1.7467,0.9180,-1.2921,-0.4573,0.1779,1.2489,-1.0094,1.3333,0.9755,0.9866,-2.0239,-1.1345,-0.5813,-0.5729,0.7791,-0.3112,-0.0938,-0.4371,0.5000,0.17
3.8396,0.1800,0.0000,0.0000,0.0000,0.0000,0.0000,-0.2138,0.0341,0.1632,-0.9848,0.1249,0.1205,0.5396,-0.0122,-1.6100,0.9540,-1.3328,-0.4520,0.1878,1.2868,-1.0766,1.2995,0.0775,0.0233,-0.9461,0.0233,0.3761,-0.3684,-0.0969,-0.4575,0.7445,0.4188,0.4551,-0.0678,-1.7670,0.9133,-1.2875,-0.4668,0.1551,1.2910,-0.9686,1.3256,0.5514,0.3221,-1.8372,-1.0629,-0.6361,-0.6680,0.5514,-0.0940,0.3659,-0.4431,0.5278,0.16
3.8636,0.1800,0.0000,0.0000,0.0000,0.0000,0.0000,-0.1339,0.0297,0.1008,-0.9918,0.1237,-0.0328,0.5373,-0.0193,-1.6281,0.9522,-1.3243,-0.4608,0.1838,1.2816,-1.0570,1.3077,-0.0892,-0.5428,-0.7483,-0.0271,0.3722,-0.4149,-0.2365,-0.1280,0.9616,0.2637,0.4091,-0.1060,-1.7874,0.9083,-1.2697,-0.4863,0.1464,1.3340,-0.9475,1.3358,0.0910,-0.0605,-1.5648,-1.1181,-0.5584,-0.8631,0.4645,0.1324,0.6282,-0.2697,0.5556,0.20
3.8876,0.1800,0.0000,0.0000,0.0000,0.0000,0.0000,-0.2250,0.0022,-0.0009,-0.9991,0.0348,-0.0238,0.5284,-0.0362,-1.6441,0.9504,-1.3150,-0.4730,0.1768,1.2797,-1.0378,1.3133,-0.5506,-0.7677,-0.6436,0.0388,0.4575,-0.4498,-0.3373,0.0504,0.6630,0.2404,0.3650,-0.1335,-1.8078,0.9031,-1.2364,-0.5000,0.1241,1.3730,-0.9407,1.3454,-0.3504,-0.3350,-1.3447,-1.0253,-0.3261,-1.2789,0.2406,0.3184,0.7448,-0.1021,0.5833,0.18
3.9107,0.1800,0.0000,0.0000,0.0000,0.0000,0.0000,-0.2783,0.0136,-0.0892,-0.9838,0.1780,0.0228,0.5113,-0.0582,-1.6600,0.9488,-1.3015,-0.4871,0.1661,1.2839,-1.0235,1.3191,-0.8491,-0.8647,-0.6824,-0.1086,0.6475,-0.6204,-0.4420,0.2404,0.5196,0.2792,0.3237,-0.1938,-1.8078,0.9349,-1.2631,-0.5000,0.0924,1.4139,-0.9198,1.3437,-0.7634,-0.9381,-1.0481,-0.8604,-0.0695,-1.7595,-0.0762,0.5238,1.0761,-0.0480,0.6111,0.17
3.9336,0.1800,0.0000,0.0000,0.0000,0.0000,0.0000,-0.2730,0.0138,-0.1854,-0.9780,0.1964,-0.0699,0.4891,-0.0839,-1.6755,0.9483,-1.2914,-0.5013,0.1551,1.2926,-1.0110,1.3241,-1.0702,-1.1710,-0.7173,0.1784,0.2482,-0.5739,-0.6553,0.3839,0.4924,0.1435,0.3000,-0.2000,-1.7457,0.9864,-1.2330,-0.5000,0.0507,1.4503,-0.9239,1.3576,-1.0201,-1.3812,-0.6843,-0.8577,0.3596,-2.2692,-0.4932,0.6844,1.4933,0.1621,0.6389,0.17
3.9587,0.1800,0.0000,0.0000,0.0000,0.0000,0.0000,-0.2590,0.0563,-0.2856,-0.9891,0.1361,0.0565,0.4618,-0.1106,-1.6842,0.9542,-1.2829,-0.5154,0.1367,1.3067,-0.9999,1.3295,-1.2369,-1.0934,-0.2365,0.4963,0.5622,-0.4769,-0.8763,0.6708,0.4692,0.2598,0.3000,-0.2000,-1.6791,1.0397,-1.1908,-0.5000,0.0000,1.4893,-0.9276,1.3796,-1.2776,-1.8096,-0.3248,-0.8025,0.9058,-2.6413,-1.1058,0.8713,1.9294,0.4542,0.6667,0.17
3.9826,0.1800,0.0000,0.0000,0.0000,0.0000,0.0000,-0.0368,0.0545,-0.2033,-0.9874,-0.0169,-0.1576,0.4292,-0.1330,-1.6847,0.9690,-1.2659,-0.5264,0.1094,1.3276,-0.9925,1.3380,-1.2601,-0.8336,0.0892,0.7134,0.9422,-0.3102,-1.2330,0.8608,0.2675,0.3335,0.3000,-0.2000,-1.6199,1.0715,-1.1931,-0.5000,0.0000,1.5226,-0.9306,1.4065,-1.6964,-2.2081,-0.0378,-0.9068,1.5280,-2.6773,-1.4543,1.1590,1.9959,0.7941,0.6944,0.17
4.0076,0.1800,0.0000,0.0000,0.0000,0.0000,0.0000,-0.0121,-0.0626,-0.1729,-0.9987,0.0358,-0.0365,0.4025,-0.1484,-1.6753,0.9881,-1.2483,-0.5330,0.0825,1.3523,-0.9876,1.3505,-0.8763,-0.5351,0.6514,0.8918,0.6010,-0.2714,-0.9926,1.2059,0.1900,0.5894,0.3000,-0.2000,-1.5585,1.1343,-1.2039,-0.5000,0.0000,1.5430,-0.9331,1.4161,-1.8569,-2.6608,0.2706,-0.6233,2.2499,-2.6696,-2.0602,1.4489,2.2774,0.9617,0.7222,0.17
4.0306,0.1800,0.0000,0.0000,0.0000,0.0000,0.0000,-0.0169,0.0245,-0.1698,-0.9988,0.0391,-0.0307,0.3821,-0.1615,-1.6535,1.0140,-1.2360,-0.5376,0.0601,1.3793,-0.9834,1.3646,-0.7057,-0.4575,1.0314,1.3416,0.3955,-0.1202,-0.7328,1.1865,0.1667,0.4885,0.3000,-0.2000,-1.4861,1.1652,-1.2136,-0.5000,0.0000,1.5633,-0.9348,1.4128,-1.8302,-2.8517,0.6886,-0.5651,3.1690,-2.5072,-2.3068,1.6057,2.4693,1.2382,0.7500,0.16
4.0546,0.1800,0.0000,0.0000,0.0000,0.0000,0.0000,-0.0589,0.0208,-0.1473,-0.9961,-0.0282,-0.0834,0.3683,-0.1692,-1.6200,1.0450,-1.2303,-0.5395,0.0474,1.4092,-0.9795,1.3755,-0.5467,-0.2986,1.5897,1.4191,0.2288,-0.0465,-0.5622,1.0818,0.1280,0.4498,0.3000,-0.2000,-1.4270,1.1734,-1.2221,-0.5000,0.0000,1.5837,-0.9358,1.4057,-1.8616,-2.8450,0.9745,-0.6292,3.5747,-2.1643,-2.4158,1.7521,2.7000,1.6650,0.7778,0.17
4.0776,0.1800,0.0000,0.0000,0.0000,0.0000,0.0000,-0.0324,-0.0055,-0.0844,-0.9841,-0.1661,0.0633,0.3583,-0.1745,-1.5766,1.0771,-1.2277,-0.5413,0.0360,1.4341,-0.9761,1.3826,-0.2869,-0.1784,2.2140,1.2136,0.0659,-0.0155,-0.4459,1.0120,0.1396,0.1939,0.3000,-0.2000,-1.3939,1.1813,-1.2293,-0.5000,0.0000,1.6041,-0.9360,1.3986,-1.9991,-2.9087,1.1016,-0.5848,3.7235,-1.9436,-2.4229,1.8627,2.7000,1.9091,0.8056,0.17
4.1026,0.1800,0.0000,0.0000,0.0000,0.0000,0.0000,-0.0869,0.0321,0.0339,-0.9915,-0.1296,-0.0143,0.3544,-0.1787,-1.5268,1.1054,-1.2278,-0.5430,0.0284,1.4605,-0.9735,1.3861,-0.0194,-0.1280,2.3187,1.3106,0.0271,-0.0194,-0.3218,0.8918,0.0582,0.0465,0.3000,-0.2000,-1.3633,1.1959,-1.2352,-0.5000,0.0000,1.6244,-0.9355,1.3914,-2.0335,-2.9993,1.2892,-0.3593,3.8375,-1.7705,-2.4940,1.9112,2.6937,1.9966,0.8333,0.17
4.1256,0.1800,0.0000,0.0000,0.0000,0.0000,0.0000,-0.0988,0.0153,0.2890,-0.9905,-0.1297,-0.0450,0.3546,-0.1829,-1.4718,1.1346,-1.2288,-0.5455,0.0211,1.4827,-0.9717,1.3872,0.0504,-0.1396,2.1519,1.2020,-0.0969,-0.1590,-0.2714,0.8685,0.0659,-0.0155,0.3000,-0.2000,-1.3328,1.1957,-1.2398,-0.5000,0.0000,1.6448,-0.9342,1.3842,-2.0313,-2.9177,1.4969,-0.1714,3.9782,-1.6448,-2.4035,1.9444,2.5504,2.1406,0.8611,0.16
4.1486,0.1800,0.0000,0.0000,0.0000,0.0000,0.0000,-0.1146,0.0282,0.6038,-0.9916,-0.1250,-0.0318,0.3553,-0.1865,-1.4244,1.1578,-1.2305,-0.5481,0.0166,1.5024,-0.9707,1.3868,0.0427,-0.0427,1.9542,0.7949,-0.0504,-0.0233,-0.1473,0.8104,0.0078,-0.0775,0.3000,-0.2000,-1.3022,1.1755,-1.2432,-0.5000,0.0000,1.6652,-0.9322,1.3742,-2.0776,-2.7999,1.6537,-0.0832,4.0113,-1.4518,-2.2720,2.0476,2.4136,2.3590,0.8889,0.17
4.1726,0.1800,0.0000,0.0000,0.0000,0.0000,0.0000,-0.1677,0.0283,0.3502,-0.9997,0.0249,-0.0058,0.3593,-0.1894,-1.3789,1.1741,-1.2327,-0.5482,0.0141,1.5240,-0.9694,1.3852,0.0737,-0.0969,1.8960,0.5545,-0.0349,-0.0000,-0.1396,0.8879,0.0233,-0.1551,0.3000,-0.2000,-1.2717,1.1487,-1.2456,-0.5000,0.0000,1.6856,-0.9295,1.3641,-1.9454,-2.7117,1.7412,0.0255,4.0526,-1.0663,-2.1886,2.0182,2.4652,2.2953,0.9167,0.16
4.1976,0.1800,0.0000,0.0000,0.0000,0.0000,0.0000,0.1042,-0.1119,0.3185,-0.2816,0.8174,-0.5025,0.3600,-0.1920,-1.3418,1.1707,-1.2326,-0.5486,0.0108,1.5455,-0.9676,1.3822,-0.0388,0.0388,0.8142,0.1784,-0.1124,0.0465,-0.2094,0.8220,-0.0698,-0.2559,0.3000,-0.1474,-1.2411,1.1829,-1.2472,-0.4312,0.0000,1.7059,-0.9499,1.3541,-1.5480,-0.4736,1.5057,0.8150,2.4683,-0.3125,-1.8036,1.3532,0.7629,1.4693,0.9444,0.16
4.2206,0.1800,0.0000,0.0000,0.0000,0.0000,0.0000,-0.0909,0.0910,-0.2319,-0.9405,0.3073,-0.1452,0.3544,-0.1871,-1.3229,1.1665,-1.2347,-0.5406,0.0083,1.5690,-0.9662,1.3775,-0.3063,0.4692,0.6049,0.2365,-0.0271,0.8065,-0.0388,1.1012,-0.0853,-0.3296,0.3203,-0.2000,-1.2106,1.0480,-1.2483,-0.3081,0.0013,1.7263,-0.9223,1.3440,-0.7968,-1.3799,1.6338,-0.0397,2.5889,0.9188,-0.9868,1.3449,2.6875,1.9481,0.9722,0.17
4.2446,0.1800,0.0000,0.0000,0.0000,0.0000,0.0000,-0.0354,0.0990,-0.4865,-0.9595,0.2354,0.1545,0.3492,-0.1855,-1.3033,1.1536,-1.2342,-0.5128,0.0077,1.5934,-0.9627,1.3719,-0.1551,-0.1280,1.0624,-1.2757,0.1939,1.4656,0.0271,0.8647,0.2055,-0.3373,0.3113,-0.2000,-1.1800,1.0012,-1.2770,-0.3000,0.0000,1.7428,-0.9180,1.3340,-0.8866,-1.5214,1.0702,0.0116,2.0131,1.3501,-1.0404,0.9611,3.2829,1.7221,0.0000,0.18
4.2676,0.1800,0.0000,0.0000,0.0000,0.0000,0.0000,0.1211,-0.0376,-0.1538,-0.9842,-0.1684,-0.0547,0.3482,-0.1891,-1.2763,1.1158,-1.2386,-0.4793,0.0052,1.6071,-0.9628,1.3639,0.0504,-0.0465,0.9655,-1.3454,-0.3257,1.5587,-0.1241,0.4343,-0.0078,-0.3955,0.3000,-0.2000,-1.2569,0.9907,-1.2699,-0.3000,0.0560,1.7409,-0.9133,1.3239,-1.0025,-1.7398,0.4347,-0.1451,1.5530,1.2768,-0.4405,0.7383,2.9845,1.7189,0.0278,0.17
4.2906,0.1800,0.0000,0.0000,0.0000,0.0000,0.0000,-0.0945,-0.0008,-0.1554,-0.9888,-0.1452,-0.0353,0.3459,-0.1906,-1.2634,1.0863,-1.2434,-0.4501,0.0094,1.6202,-0.9608,1.3564,-0.1086,-0.0194,0.2482,-1.1904,-0.0543,1.1322,0.4420,0.6669,0.1435,-0.3645,0.3336,-0.2000,-1.3019,0.9780,-1.2628,-0.3000,0.0975,1.7444,-0.9083,1.3139,-0.6638,-1.2180,0.1882,-0.3231,0.9992,1.2683,-0.0247,0.5698,2.8707,1.2428,0.0556,0.17
4.3136,0.1800,0.0000,0.0000,0.0000,0.0000,0.0000,-0.0514,-0.0276,-0.0523,-0.9919,-0.1268,0.0047,0.3480,-0.1921,-1.2605,1.0637,-1.2473,-0.4255,0.0233,1.6345,-0.9565,1.3485,0.2016,-0.0233,-0.0620,-0.7328,-0.0814,0.9616,0.8065,0.6514,0.2365,-0.3839,0.4012,-0.1257,-1.3551,0.9593,-1.3402,-0.3000,0.1613,1.7605,-0.9031,1.3038,0.0120,-0.2566,-0.1395,-0.5587,0.1545,1.3983,0.6127,0.5270,2.7710,1.0547,0.0833,0.18
4.3386,0.1800,0.0000,0.0000,0.0000,0.0000,0.0000,-0.0521,0.0061,0.0324,-0.9935,-0.1041,0.0467,0.3593,-0.1860,-1.2656,1.0476,-1.2588,-0.4097,0.0467,1.6515,-0.9513,1.3397,0.7794,0.6126,-0.3722,-0.7638,-0.8453,0.6940,1.3106,0.6126,0.2171,-0.4110,0.5000,0.0000,-1.3966,0.9378,-1.3577,-0.3000,0.2000,1.7273,-0.9209,1.3175,1.5293,1.5621,-0.3517,-0.8203,-0.0917,1.2492,1.1552,0.1957,2.7621,0.6138,0.1111,0.17
4.3636,0.1800,0.0000,0.0000,0.0000,0.0000,0.0000,0.1177,-0.0156,0.1866,-0.9829,-0.1718,0.0658,0.3895,-0.1579,-1.2788,1.0301,-1.2823,-0.3953,0.0808,1.6617,-0.9471,1.3332,1.5626,1.7371,-0.6902,-0.6863,-0.8414,0.4847,1.2873,0.2714,0.1202,-0.1435,0.5000,0.0000,-1.4553,0.9239,-1.3502,-0.3000,0.2000,1.6475,-0.9722,1.3010,2.7066,3.4492,-0.7340,-1.2972,-0.0887,1.2136,1.3591,-0.2975,2.8408,0.3201,0.1389,0.17
4.3866,0.1800,0.0000,0.0000,0.0000,0.0000,0.0000,0.1856,-0.0749,0.3498,-0.9994,-0.0329,0.0135,0.4277,-0.1207,-1.3011,1.0116,-1.3015,-0.3837,0.1075,1.6604,-0.9489,1.3284,1.6634,1.3648,-0.9732,-0.6475,-0.6243,0.5312,1.1167,-0.3761,-0.2947,-0.3761,0.5000,0.0000,-1.5022,0.9276,-1.3473,-0.3006,0.2000,1.6011,-1.0200,1.2793,3.0189,3.9527,-1.0732,-1.2445,-0.1304,0.9943,1.0466,-0.4560,3.0214,-0.0207,0.1667,0.17
4.4096,0.1800,0.0000,0.0000,0.0000,0.0000,0.0000,0.0680,-0.1028,0.3059,-0.9968,-0.0637,0.0493,0.4595,-0.0922,-1.3244,1.0015,-1.3130,-0.3715,0.1302,1.6487,-0.9599,1.3206,1.1787,1.2214,-1.1283,-0.3179,-0.3257,0.5894,0.8724,-0.5894,-0.7289,-0.4653,0.5000,0.0000,-1.5226,0.9306,-1.3547,-0.3115,0.2000,1.5586,-1.0621,1.2941,3.1158,3.9296,-1.2673,-1.2564,-0.2765,0.8855,1.0299,-0.5746,2.9990,0.0108,0.1944,0.17
4.4336,0.1800,0.0000,0.0000,0.0000,0.0000,0.0000,-0.0737,0.0575,0.3215,-0.9975,0.0550,0.0450,0.4846,-0.0696,-1.3475,0.9941,-1.3222,-0.3608,0.1482,1.6330,-0.9777,1.3142,0.9112,0.8375,-1.0430,-0.2520,-0.3839,0.2326,0.7212,-0.8995,-0.9771,-0.1551,0.5000,0.0000,-1.5430,0.9331,-1.3679,-0.3224,0.2000,1.5210,-1.0966,1.3024,3.2274,3.7907,-1.3758,-1.1846,-0.4790,0.7756,1.1218,-0.6454,2.8120,-0.0150,0.2222,0.18
4.4576,0.1800,0.0000,0.0000,0.0000,0.0000,0.0000,0.0557,0.0028,0.3396,-0.9988,0.0379,-0.0305,0.5022,-0.0524,-1.3770,0.9870,-1.3321,-0.3570,0.1629,1.6045,-1.0039,1.3119,0.5855,0.6553,-1.1981,-0.2365,-0.3994,0.1396,0.4498,-1.1942,-1.3493,-0.0814,0.5000,0.0000,-1.5633,0.9348,-1.3726,-0.3309,0.2000,1.4780,-1.1217,1.3039,3.2468,3.8877,-1.5011,-1.2958,-0.5976,0.6910,1.2687,-0.7702,2.4748,-0.0972,0.2500,0.17
4.4826,0.1800,0.0000,0.0000,0.0000,0.0000,0.0000,0.0211,0.0250,0.2457,-0.9844,0.1741,0.0243,0.5134,-0.0414,-1.4042,0.9817,-1.3407,-0.3579,0.1718,1.5685,-1.0352,1.3107,0.3412,0.4304,-1.1826,-0.1396,-0.3335,-0.1590,0.3024,-1.5820,-1.2757,-0.0427,0.5000,0.0000,-1.5837,0.9358,-1.3742,-0.3536,0.2000,1.4432,-1.1364,1.2913,3.1732,3.6215,-1.6648,-1.0777,-0.6849,0.4637,1.2445,-0.8124,2.1407,-0.3081,0.2778,0.17
4.5066,0.1800,0.0000,0.0000,0.0000,0.0000,0.0000,0.0482,0.0016,0.0581,-0.9816,0.1910,-0.0002,0.5211,-0.0333,-1.4323,0.9775,-1.3487,-0.3634,0.1785,1.5269,-1.0657,1.3083,0.3412,0.2792,-1.1826,-0.1008,-0.2365,-0.3722,0.2598,-1.6711,-1.0391,-0.1900,0.5000,0.0000,-1.6041,0.9360,-1.3798,-0.3615,0.2000,1.4040,-1.1398,1.2882,3.0820,3.3996,-1.7865,-1.0859,-0.8124,0.3849,1.3252,-0.8988,1.8237,-0.4111,0.3056,0.17
4.5306,0.1800,0.0000,0.0000,0.0000,0.0000,0.0000,0.1158,-0.0015,-0.1193,-0.9839,0.1782,0.0097,0.5263,-0.0274,-1.4572,0.9737,-1.3561,-0.3729,0.1844,1.4914,-1.0899,1.3047,0.2637,0.2753,-1.1051,-0.0853,-0.2404,-0.3490,0.1124,-1.7216,-0.9422,-0.1667,0.5000,0.0000,-1.6244,0.9355,-1.3806,-0.3723,0.2000,1.3681,-1.1318,1.2817,2.9724,3.2351,-1.8943,-1.1145,-0.8914,0.2766,1.3661,-0.9520,1.5495,-0.5348,0.3333,0.17
4.5536,0.1800,0.0000,0.0000,0.0000,0.0000,0.0000,0.0271,0.0046,-0.3493,-0.9740,0.2232,0.0395,0.5305,-0.0230,-1.4798,0.9711,-1.3619,-0.3809,0.1890,1.4497,-1.1098,1.3007,0.1706,0.1163,-0.9189,-0.0892,-0.1628,-0.3528,0.1706,-1.6828,-0.5583,-0.1861,0.5000,0.0000,-1.6448,0.9351,-1.3799,-0.3868,0.2000,1.3383,-1.1129,1.2791,2.8269,2.8493,-1.9780,-0.9912,-0.9567,0.1317,1.3273,-0.9447,1.3422,-0.6070,0.3611,0.18
4.5776,0.1800,0.0000,0.0000,0.0000,0.0000,0.0000,0.0873,-0.0231,-0.5397,-0.9861,0.1652,-0.0167,0.5343,-0.0206,-1.5000,0.9698,-1.3658,-0.3910,0.1916,1.4119,-1.1210,1.2966,0.1202,0.1008,-0.8879,-0.0194,-0.0892,-0.4847,0.0582,-1.6440,-0.3063,-0.1435,0.5000,0.0000,-1.6652,0.9322,-1.3742,-0.3885,0.2000,1.3061,-1.0839,1.2837,2.6771,2.6564,-2.0193,-1.0938,-1.0127,0.1149,1.3701,-0.9616,1.1186,-0.5955,0.3889,0.17
4.6006,0.1800,0.0000,0.0000,0.0000,0.0000,0.0000,0.0825,0.0326,-0.6092,-0.9830,0.0727,0.1683,0.5378,-0.0188,-1.5205,0.9677,-1.3675,-0.4039,0.1929,1.3750,-1.1240,1.2939,0.1318,0.1124,-0.8995,-0.1241,-0.0427,-0.4537,0.0271,-1.6052,0.1008,-0.0737,0.5000,0.0000,-1.6856,0.9295,-1.3592,-0.4044,0.2000,1.2748,-1.0586,1.2824,2.5006,2.5072,-2.0523,-1.1183,-0.9511,-0.0441,1.3381,-0.9687,0.8752,-0.6325,0.4167,0.17
4.6246,0.1800,0.0000,0.0000,0.0000,0.0000,0.0000,0.1406,0.1479,-0.3917,-0.9947,-0.1029,-0.0034,0.5391,-0.0165,-1.5416,0.9655,-1.3670,-0.4158,0.1931,1.3362,-1.1197,1.2960,0.0892,0.1086,-0.9693,-0.1202,0.0698,-0.5390,-0.0039,-1.5238,0.9732,0.0853,0.5000,0.0000,-1.7059,0.9262,-1.3310,-0.4234,0.2000,1.2485,-1.0502,1.2782,2.1934,2.2674,-2.0560,-1.1999,-0.7693,-0.2335,1.2928,-0.9265,0.5122,-0.6906,0.4444,0.17
4.6486,0.1800,0.0000,0.0000,0.0000,0.0000,0.0000,-0.1439,-0.1379,-0.2856,-0.9993,0.0279,-0.0241,0.5396,-0.0150,-1.5627,0.9633,-1.3629,-0.4286,0.1931,1.3138,-1.1017,1.2939,-0.0194,0.0892,-0.8491,0.0388,0.2365,-0.3024,-0.0078,-0.7367,0.8104,-0.0582,0.5000,0.0000,-1.7263,0.9223,-1.3247,-0.4353,0.1886,1.2506,-0.9983,1.2956,1.6697,1.4671,-2.1333,-1.0074,-0.8072,-0.3528,0.8864,-0.5993,0.5366,-0.5262,0.4722,0.17
4.6716,0.1800,0.0000,0.0000,0.0000,0.0000,0.0000,-0.0393,0.0188,0.3335,-0.9855,-0.1505,0.0787,0.5392,-0.0137,-1.5852,0.9600,-1.3561,-0.4347,0.1918,1.2995,-1.0842,1.2942,0.0504,0.1124,-1.1671,-0.2288,0.3063,-0.2986,-0.1124,-0.5855,0.9500,0.1396,0.5000,0.0000,-1.7467,0.9180,-1.2930,-0.4476,0.1891,1.2421,-0.9965,1.3453,1.1736,1.3128,-2.0195,-1.3177,-0.5899,-0.4760,0.8912,-0.3794,0.0351,-0.3167,0.5000,0.17
4.6946,0.1800,0.0000,0.0000,0.0000,0.0000,0.0000,-0.1431,-0.0720,0.5735,-0.9806,-0.1942,-0.0275,0.5391,-0.0116,-1.6111,0.9542,-1.3463,-0.4439,0.1911,1.2820,-1.0639,1.3037,0.0969,0.0620,-1.1244,-0.2520,0.6165,-0.5273,-0.0543,-0.7445,0.7406,0.5002,0.4591,-0.0163,-1.7670,0.9133,-1.2712,-0.4707,0.1643,1.2921,-1.0052,1.3450,0.5912,0.8371,-1.9744,-1.3098,-0.4728,-0.7068,0.6427,-0.0829,0.0007,-0.2488,0.5278,0.16
4.7186,0.1800,0.0000,0.0000,0.0000,0.0000,0.0000,-0.2760,-0.0563,0.2469,-0.9993,-0.0258,-0.0252,0.5390,-0.0121,-1.6323,0.9505,-1.3325,-0.4547,0.1886,1.2745,-1.0508,1.3137,-0.0310,-0.0349,-0.7483,0.0233,0.6553,-0.5816,-0.2288,-0.1163,0.3877,0.3567,0.4061,-0.0946,-1.7874,0.9083,-1.2647,-0.4916,0.1442,1.3350,-0.9558,1.3430,0.0613,0.0539,-1.7687,-1.1628,-0.5085,-0.9163,0.4422,0.1428,0.5455,-0.1978,0.5556,0.16
4.7425,0.1800,0.0000,0.0000,0.0000,0.0000,0.0000,-0.2152,0.0301,0.1367,-1.0000,0.0040,0.0064,0.5293,-0.0243,-1.6473,0.9491,-1.3182,-0.4702,0.1807,1.2745,-1.0402,1.3214,-0.5506,-0.7871,-0.5816,-0.0737,0.5234,-0.7057,-0.4071,0.0853,0.7134,0.2869,0.3618,-0.1328,-1.8078,0.9031,-1.2348,-0.5000,0.1243,1.3766,-0.9451,1.3441,-0.3816,-0.3279,-1.4425,-1.0656,-0.3102,-1.2807,0.2433,0.3552,0.7015,-0.1147,0.5833,0.17
4.7665,0.1800,0.0000,0.0000,0.0000,0.0000,0.0000,-0.3492,0.0419,-0.0029,-0.9965,0.0391,-0.0742,0.5114,-0.0468,-1.6619,0.9476,-1.3035,-0.4861,0.1702,1.2791,-1.0267,1.3260,-0.9112,-1.1012,-0.5622,-0.0388,0.7677,-0.7096,-0.4963,0.2055,0.4653,0.1822,0.3216,-0.1791,-1.8078,0.9259,-1.2612,-0.5000,0.1024,1.4130,-0.9211,1.3479,-0.7836,-0.7913,-1.1700,-0.9504,-0.0502,-1.7462,0.0237,0.5148,0.9865,-0.0055,0.6111,0.16
4.7896,0.1800,0.0000,0.0000,0.0000,0.0000,0.0000,-0.3521,0.0381,-0.1243,-0.9844,0.1620,-0.0680,0.4876,-0.0749,-1.6759,0.9466,-1.2910,-0.5027,0.1574,1.2880,-1.0146,1.3295,-1.1012,-1.2718,-0.6398,0.0659,0.2714,-0.6165,-0.6049,0.4537,0.5816,0.1861,0.3000,-0.2000,-1.7576,0.9838,-1.2389,-0.5000,0.0593,1.4512,-0.9239,1.3549,-1.0506,-1.3324,-0.8041,-0.8833,0.3010,-2.2366,-0.4069,0.6931,1.4398,0.1352,0.6389,0.16
4.8125,0.1800,0.0000,0.0000,0.0000,0.0000,0.0000,-0.3221,-0.0167,-0.2524,-0.9876,0.1565,-0.0150,0.4608,-0.1023,-1.6855,0.9520,-1.2826,-0.5158,0.1396,1.3021,-1.0035,1.3332,-1.2679,-1.1555,-0.2404,0.4730,0.5428,-0.4847,-0.9073,0.7483,0.4614,0.1512,0.3000,-0.2000,-1.6875,1.0380,-1.1987,-0.5000,0.0000,1.4884,-0.9276,1.3747,-1.2792,-1.7786,-0.4084,-0.8195,0.8264,-2.6337,-1.0103,0.8620,1.9122,0.4048,0.6667,0.16
4.8375,0.1800,0.0000,0.0000,0.0000,0.0000,0.0000,-0.1435,0.0421,-0.1451,-0.9942,0.1035,0.0295,0.4315,-0.1249,-1.6871,0.9661,-1.2693,-0.5265,0.1170,1.3243,-0.9950,1.3394,-1.3338,-0.9034,0.1086,0.6669,0.7716,-0.3179,-1.3106,0.9151,0.2830,0.3179,0.3000,-0.2000,-1.6175,1.0848,-1.1931,-0.5000,0.0000,1.5226,-0.9306,1.3974,-1.6279,-2.2451,-0.0138,-0.7730,1.5031,-2.7785,-1.6128,1.1329,2.1446,0.7032,0.6944,0.16
4.8615,0.1800,0.0000,0.0000,0.0000,0.0000,0.0000,-0.0176,-0.0120,-0.1072,-0.9930,0.0258,-0.1153,0.4031,-0.1432,-1.6774,0.9878,-1.2512,-0.5329,0.0874,1.3516,-0.9890,1.3503,-0.9189,-0.5777,0.6785,1.0353,0.6669,-0.2559,-1.0042,1.1438,0.1280,0.5079,0.3000,-0.2000,-1.5569,1.1263,-1.2039,-0.5000,0.0000,1.5430,-0.9331,1.4196,-1.8616,-2.6120,0.2865,-0.7030,2.3124,-2.6762,-1.9613,1.4153,2.2426,0.9967,0.7222,0.17
4.8855,0.1800,0.0000,0.0000,0.0000,0.0000,0.0000,-0.0384,-0.0050,-0.1103,-0.9993,-0.0178,0.0314,0.3828,-0.1562,-1.6557,1.0126,-1.2390,-0.5369,0.0659,1.3804,-0.9842,1.3638,-0.7949,-0.5002,1.1593,1.1128,0.4110,-0.1473,-0.8336,1.2408,0.2016,0.5777,0.3000,-0.2000,-1.4934,1.1606,-1.2136,-0.5000,0.0000,1.5633,-0.9348,1.4128,-1.8948,-2.8399,0.6157,-0.6113,3.1298,-2.5076,-2.2902,1.6492,2.4567,1.2799,0.7500,0.16
4.9086,0.1800,0.0000,0.0000,0.0000,0.0000,0.0000,-0.0332,0.0353,-0.1124,-0.9981,-0.0087,-0.0617,0.3675,-0.1659,-1.6243,1.0441,-1.2317,-0.5392,0.0501,1.4061,-0.9800,1.3752,-0.5739,-0.3257,1.5316,1.3610,0.2016,0.0116,-0.5079,1.1593,0.1241,0.4149,0.3000,-0.2000,-1.4299,1.1758,-1.2221,-0.5000,0.0000,1.5837,-0.9358,1.4057,-1.8882,-2.8816,0.9456,-0.6055,3.5776,-2.2046,-2.4610,1.7692,2.7028,1.6116,0.7778,0.16
4.9325,0.1800,0.0000,0.0000,0.0000,0.0000,0.0000,-0.0149,-0.0119,-0.0618,-0.9949,-0.1010,0.0023,0.3580,-0.1721,-1.5803,1.0748,-1.2291,-0.5406,0.0392,1.4349,-0.9765,1.3823,-0.3257,-0.1900,2.1558,1.4385,0.0659,-0.1396,-0.4420,1.0197,0.1086,0.2326,0.3000,-0.2000,-1.3939,1.1853,-1.2293,-0.5000,0.0000,1.6041,-0.9360,1.3986,-1.9793,-2.9151,1.1219,-0.5447,3.7410,-1.9368,-2.4658,1.8708,2.7478,1.8921,0.8056,0.16
4.9555,0.1800,0.0000,0.0000,0.0000,0.0000,0.0000,-0.0591,0.0398,0.0497,-0.9933,-0.1133,-0.0212,0.3538,-0.1771,-1.5295,1.1042,-1.2288,-0.5425,0.0290,1.4594,-0.9736,1.3861,0.0039,-0.0775,2.2101,1.2524,0.0039,-0.0427,-0.3955,0.9810,0.0737,0.0892,0.3000,-0.2000,-1.3633,1.1953,-1.2352,-0.5000,0.0000,1.6244,-0.9355,1.3914,-2.0165,-2.9708,1.3118,-0.3656,3.8529,-1.7690,-2.4799,1.9094,2.7113,2.0120,0.8333,0.16
4.9796,0.1800,0.0000,0.0000,0.0000,0.0000,0.0000,-0.0883,0.0180,0.2798,-0.9887,-0.1466,-0.0319,0.3541,-0.1814,-1.4778,1.1320,-1.2296,-0.5448,0.0225,1.4817,-0.9718,1.3871,0.0620,-0.0698,2.1015,1.2369,-0.0698,-0.0814,-0.2443,0.8724,0.1357,-0.0814,0.3000,-0.2000,-1.3328,1.1921,-1.2398,-0.5000,0.0000,1.6448,-0.9342,1.3842,-2.0434,-2.9154,1.4810,-0.2077,3.9442,-1.6298,-2.3712,1.9461,2.5754,2.1911,0.8611,0.16
5.0026,0.1800,0.0000,0.0000,0.0000,0.0000,0.0000,-0.1110,0.0100,0.3668,-0.9961,-0.0850,-0.0236,0.3570,-0.1855,-1.4256,1.1576,-1.2315,-0.5467,0.0183,1.5018,-0.9709,1.3867,0.2637,-0.2016,2.1209,0.9616,-0.0310,-0.0078,-0.1628,0.9189,0.0814,-0.0388,0.3000,-0.2000,-1.3022,1.1792,-1.2432,-0.5000,0.0000,1.6652,-0.9322,1.3742,-2.0110,-2.8844,1.6295,-0.0469,4.0267,-1.4143,-2.3023,1.9781,2.5049,2.2738,0.8889,0.16
5.0275,0.1800,0.0000,0.0000,0.0000,0.0000,0.0000,-0.1695,0.0367,0.2505,-0.9993,0.0365,-0.0104,0.3600,-0.1888,-1.3778,1.1746,-1.2335,-0.5471,0.0155,1.5235,-0.9689,1.3852,0.0349,-0.1047,2.0201,0.6940,-0.0310,-0.0310,-0.0931,0.9538,0.0310,-0.0737,0.3000,-0.2000,-1.2717,1.1486,-1.2456,-0.5000,0.0000,1.6856,-0.9295,1.3641,-1.8903,-2.7225,1.7159,0.0252,4.0472,-1.0405,-2.1579,1.9101,2.5070,2.2424,0.9167,0.16
5.0505,0.1800,0.0000,0.0000,0.0000,0.0000,0.0000,0.2641,-0.1888,0.2602,-0.7210,-0.2715,-0.6375,0.3605,-0.1914,-1.3403,1.1712,-1.2335,-0.5474,0.0121,1.5461,-0.9678,1.3820,-0.1745,0.0504,0.7096,-0.0116,-0.0620,0.0737,-0.1745,0.8181,-0.1086,-0.2443,0.3000,-0.2000,-1.2411,1.1120,-1.2472,-0.4606,0.0000,1.7059,-0.9262,1.3541,-2.2146,-2.2713,1.3664,0.1058,2.7702,-0.6058,-1.4689,1.7025,1.9219,2.4627,0.9444,0.16
5.0735,0.1800,0.0000,0.0000,0.0000,0.0000,0.0000,-0.1095,0.0053,-0.2796,-0.9765,0.2150,0.0175,0.3548,-0.1927,-1.3229,1.1587,-1.2353,-0.5423,0.0096,1.5681,-0.9645,1.3775,-0.3451,0.0194,0.7057,-0.6281,-0.0543,0.5118,-0.1163,1.0973,0.1435,-0.2869,0.3000,-0.2000,-1.2106,1.0730,-1.2483,-0.3963,0.0000,1.7263,-0.9223,1.3440,-1.3620,-2.1504,1.4445,0.2101,3.3140,0.0366,-1.5866,1.3651,2.7115,1.5830,0.9722,0.16
5.0985,0.1800,0.0000,0.0000,0.0000,0.0000,0.0000,-0.0186,0.1028,-0.3842,-0.9746,0.1685,0.1476,0.3477,-0.1938,-1.3015,1.1435,-1.2356,-0.5276,0.0086,1.5928,-0.9592,1.3719,-0.3335,-0.0465,1.1671,-0.7794,0.1822,0.7445,-0.0388,0.8065,-0.0388,-0.2869,0.3000,-0.2000,-1.1800,0.9860,-1.2770,-0.3201,0.0000,1.7467,-0.9180,1.3340,-1.2807,-1.9770,1.0126,-0.1395,2.8640,0.7988,-1.2670,1.0398,2.9349,1.8323,0.0000,0.16
